Type1,regionExp_response_3.rt,regionExp_response_4.rt,Type2,regionExp_response_3.rt,regionExp_response_4.rt,OmS_3,OmS_4,OmS_4minus3,Participant
O,1.114959002,0.362077951,S,0.411425829,0.39736104,0.703533173,-0.035283089,-0.738816262,1
O,4.796684027,0.830274105,S,1.0648489,0.579093933,3.731835127,0.251180172,-3.480654955,1
O,1.701591969,0.512804031,S,0.847359896,1.91830802,0.854232073,-1.405503989,-2.259736062,1
O,1.030798197,0.913341045,S,0.562070131,0.865393877,0.468728066,0.047947168,-0.420780898,1
O,2.053858995,1.214747906,S,1.885183096,2.036659002,0.168675899,-0.821911096,-0.990586995,1
O,0.445824862,0.474081993,S,1.266005039,0.647537947,-0.820180177,-0.173455954,0.646724223,1
O,1.718680859,1.165023804,S,0.41242218,1.800503969,1.306258679,-0.635480165,-1.941738844,1
O,0.562289953,0.663450956,S,0.428271055,0.614407063,0.134018898,0.049043893,-0.084975005,1
O,0.61439395,0.897521019,S,0.964298964,0.463321209,-0.349905014,0.43419981,0.784104824,1
O,0.463162899,0.579148054,S,1.482898951,0.395081997,-1.019736052,0.184066057,1.203802109,1
O,0.177775145,0.158717155,S,0.360842943,0.330099821,-0.183067798,-0.171382666,0.011685132,2
O,0.195271969,0.160951853,S,0.178364038,0.212309837,0.016907931,-0.051357984,-0.068265915,2
O,0.193800926,0.17783618,S,0.161440849,0.194210052,0.032360077,-0.016373872,-0.048733949,2
O,0.378968,0.277685881,S,0.178189993,0.177322865,0.200778007,0.100363016,-0.100414991,2
O,0.112107038,0.19414115,S,0.177395105,0.143995047,-0.065288067,0.050146103,0.11543417,2
O,0.244743109,0.277627945,S,0.109920025,0.143638134,0.134823084,0.133989811,-0.000833273,2
O,0.162392855,0.19401288,S,0.36195302,0.194458961,-0.199560165,-0.000446081,0.199114084,2
O,1.229920864,0.36137104,S,0.17672801,0.14567709,1.053192854,0.21569395,-0.837498904,2
O,0.194382906,0.311560869,S,0.361731052,0.194675922,-0.167348146,0.116884947,0.284233093,2
O,0.177829027,0.159782171,S,0.478434086,0.462219954,-0.300605059,-0.302437783,-0.001832724,2
O,1.081416845,0.529026985,S,0.896239996,0.480108976,0.185176849,0.048918009,-0.13625884,3
O,0.59591794,2.250760078,S,0.428776979,0.595389843,0.167140961,1.655370235,1.488229274,3
O,0.996728897,0.645819902,S,0.461395979,1.433197021,0.535332918,-0.787377119,-1.322710037,3
O,0.461616039,0.545286894,S,0.679581165,1.063754082,-0.217965126,-0.518467188,-0.300502062,3
O,0.511602879,0.361460924,S,0.678970098,1.982845068,-0.167367219,-1.621384144,-1.454016925,3
O,0.980038166,0.745996952,S,2.083000898,1.198030949,-1.102962732,-0.452033997,0.650928735,3
O,0.797280073,2.969386101,S,0.662639856,1.365805864,0.134640217,1.603580237,1.46894002,3
O,0.47966814,0.444766045,S,1.080199003,0.561820984,-0.600530863,-0.117054939,0.483475924,3
O,0.663785934,0.445104122,S,0.578762054,1.163703918,0.08502388,-0.718599796,-0.803623676,3
O,0.545031071,0.612022161,S,0.495689154,0.546597004,0.049341917,0.065425157,0.01608324,3
O,0.664487839,0.880763054,S,0.646156788,0.581079006,0.018331051,0.299684048,0.281352997,4
O,0.662963152,0.562919855,S,0.81388998,0.630783081,-0.150926828,-0.067863226,0.083063602,4
O,0.547491789,0.411545992,S,0.595952988,0.457769156,-0.048461199,-0.046223164,0.002238035,4
O,0.595463037,0.545914173,S,0.428750992,1.886134148,0.166712045,-1.340219975,-1.50693202,4
O,0.680973053,0.462095022,S,0.428200006,0.612773895,0.252773047,-0.150678873,-0.40345192,4
O,0.580723047,0.41217804,S,0.880993843,0.378309965,-0.300270796,0.033868075,0.334138871,4
O,0.729888916,1.232245207,S,0.412455082,0.463485003,0.317433834,0.768760204,0.45132637,4
O,0.445242882,0.345052958,S,0.460716009,0.614490032,-0.015473127,-0.269437074,-0.253963947,4
O,0.497349977,0.462059975,S,0.411817074,0.830106974,0.085532903,-0.368046999,-0.453579902,4
O,0.329439163,0.495675087,S,0.545823812,0.597533941,-0.216384649,-0.101858854,0.114525795,4
O,0.762778997,0.813093185,S,0.645539045,0.779227018,0.117239952,0.033866167,-0.083373785,5
O,0.46310091,0.662813902,S,0.712112904,0.630703926,-0.249011994,0.032109976,0.28112197,5
O,0.461545944,0.595938921,S,0.378111839,0.557615995,0.083434105,0.038322926,-0.045111179,5
O,0.479964972,0.377788067,S,0.545188904,0.814472914,-0.065223932,-0.436684847,-0.371460915,5
O,0.646772861,0.477120161,S,0.559732914,0.529075146,0.087039947,-0.051954985,-0.138994932,5
O,0.443998098,0.763124943,S,0.360787153,0.563750982,0.083210945,0.199373961,0.116163016,5
O,0.596986055,0.695588827,S,0.461410999,0.497132063,0.135575056,0.198456764,0.062881708,5
O,0.446837902,0.545538187,S,0.411293983,0.312912941,0.035543919,0.232625246,0.197081327,5
O,1.013410091,0.544950008,S,0.746206045,0.778768778,0.267204046,-0.23381877,-0.501022816,5
O,0.479615927,0.37788105,S,0.377650976,0.545179129,0.101964951,-0.167298079,-0.26926303,5
O,0.413195848,1.080616951,S,0.325954199,0.51154089,0.087241649,0.569076061,0.481834412,6
O,2.235287189,0.361312151,S,0.612167835,3.121672153,1.623119354,-2.760360002,-4.383479356,6
O,0.680202007,0.445360184,S,0.474853039,1.132045031,0.205348968,-0.686684847,-0.892033815,6
O,0.613490105,0.461389065,S,0.512114048,0.611907005,0.101376057,-0.15051794,-0.251893997,6
O,0.730337143,0.54509902,S,0.495518923,0.563358068,0.23481822,-0.018259048,-0.253077268,6
O,0.362860918,0.661986828,S,0.495077133,0.662400961,-0.132216215,-0.000414133,0.131802082,6
O,0.67901516,0.411333799,S,1.046289921,0.948383093,-0.367274761,-0.537049294,-0.169774533,6
O,0.345040798,0.444872141,S,0.344691038,0.697398901,0.00034976,-0.25252676,-0.25287652,6
O,0.679576159,0.41089201,S,0.344595194,0.411893845,0.334980965,-0.001001835,-0.3359828,6
O,0.545012951,0.361631155,S,0.478275061,0.764271975,0.06673789,-0.40264082,-0.46937871,6
O,1.33339715,0.696613073,S,0.395598888,2.488749981,0.937798262,-1.792136908,-2.72993517,7
O,2.089864016,0.612302065,S,0.647064209,0.646569967,1.442799807,-0.034267902,-1.477067709,7
O,2.08749485,5.800394058,S,0.328715086,0.580609083,1.758779764,5.219784975,3.461005211,7
O,0.413298845,0.411688805,S,0.679528952,0.714993954,-0.266230107,-0.303305149,-0.037075042,7
O,0.596498013,0.595773935,S,0.361769915,0.814038992,0.234728098,-0.218265057,-0.452993155,7
O,0.379964113,0.51204896,S,0.328849792,0.397144079,0.051114321,0.114904881,0.06379056,7
O,2.218965054,1.081459999,S,0.294229031,0.698592901,1.924736023,0.382867098,-1.541868925,7
O,0.41196084,0.395763874,S,0.764180183,1.114289045,-0.352219343,-0.718525171,-0.366305828,7
O,0.346375942,0.36184001,S,0.428323984,0.445495129,-0.081948042,-0.083655119,-0.001707077,7
O,0.361729145,0.42915988,S,0.445605993,1.233308077,-0.083876848,-0.804148197,-0.720271349,7
O,0.797592878,0.712435961,S,1.09532094,1.666602135,-0.297728062,-0.954166174,-0.656438112,8
O,0.731220007,2.200206995,S,1.24815011,0.778890848,-0.516930103,1.421316147,1.93824625,8
O,0.781002998,0.612367868,S,0.813258886,1.578333139,-0.032255888,-0.965965271,-0.933709383,8
O,0.681038857,0.662427902,S,1.164330006,1.347766161,-0.483291149,-0.685338259,-0.20204711,8
O,2.317728996,1.966470003,S,1.147472143,0.613675833,1.170256853,1.35279417,0.182537317,8
O,1.332563877,0.462123871,S,0.395343065,1.934628963,0.937220812,-1.472505092,-2.409725904,8
O,0.763807058,0.411775112,S,0.727301836,1.332201958,0.036505222,-0.920426846,-0.956932068,8
O,0.311439037,0.562011003,S,0.428653002,1.83284688,-0.117213965,-1.270835877,-1.153621912,8
O,0.323107958,0.963359118,S,1.147471905,1.299321175,-0.824363947,-0.335962057,0.48840189,8
O,0.528650999,0.595598936,S,0.462229967,0.847729921,0.066421032,-0.252130985,-0.318552017,8
O,0.562047005,0.394599915,S,0.411448002,0.914520979,0.150599003,-0.519921064,-0.670520067,9
O,0.328741074,0.462135077,S,0.361840963,0.428307056,-0.033099889,0.033828021,0.06692791,9
O,0.345944881,0.411947966,S,0.411893129,0.628674984,-0.065948248,-0.216727018,-0.15077877,9
O,0.411600113,0.510531902,S,0.478115082,0.679402113,-0.066514969,-0.168870211,-0.102355242,9
O,0.74617219,0.562350035,S,0.411785841,0.478585005,0.334386349,0.08376503,-0.250621319,9
O,0.346242905,0.378114939,S,0.42830801,1.08040905,-0.082065105,-0.702294111,-0.620229006,9
O,0.47855711,0.411947012,S,0.377710104,0.880953074,0.100847006,-0.469006062,-0.569853068,9
O,0.411573172,0.345103025,S,0.49524498,0.34640193,-0.083671808,-0.001298905,0.082372903,9
O,0.378240824,0.41170001,S,0.294346094,0.379143,0.08389473,0.03255701,-0.05133772,9
O,0.410774946,0.377969027,S,0.29482317,0.377790928,0.115951776,0.000178099,-0.115773677,9
O,1.548076868,0.47781682,S,0.745776892,1.982784033,0.802299976,-1.504967213,-2.307267189,10
O,0.745435953,0.478926897,S,1.03020215,2.083786964,-0.284766197,-1.604860067,-1.32009387,10
O,0.412933111,0.592824936,S,0.863229036,0.528689861,-0.450295925,0.064135075,0.514431,10
O,0.712308168,1.030045033,S,0.762342215,0.646894932,-0.050034047,0.383150101,0.433184148,10
O,0.730383158,0.862825871,S,0.42860508,0.678576946,0.301778078,0.184248925,-0.117529153,10
O,0.712554932,0.445168018,S,0.711518049,2.869906902,0.001036883,-2.424738884,-2.425775767,10
O,0.595500946,0.745763063,S,0.344168186,0.609869003,0.25133276,0.13589406,-0.1154387,10
O,0.428333998,0.511147976,S,0.579378128,0.57972312,-0.15104413,-0.068575144,0.082468986,10
O,0.831461906,1.130053043,S,1.12982893,3.238646984,-0.298367024,-2.108593941,-1.810226917,10
O,0.647452831,0.979796886,S,0.477909088,0.513576031,0.169543743,0.466220855,0.296677112,10
O,0.745787859,0.963787079,S,0.778991938,0.563410997,-0.033204079,0.400376082,0.433580161,11
O,0.379391909,1.782618046,S,0.913261175,0.580035925,-0.533869266,1.202582121,1.736451387,11
O,0.55776906,0.461244822,S,0.46194315,0.661990881,0.09582591,-0.200746059,-0.296571969,11
O,0.596539021,0.628926039,S,0.927714109,0.697194099,-0.331175088,-0.06826806,0.262907028,11
O,0.663511992,0.695878983,S,0.662052155,1.315918922,0.001459837,-0.620039939,-0.621499776,11
O,0.496871948,0.344299793,S,0.411826134,0.645793915,0.085045814,-0.301494122,-0.386539936,11
O,1.029929161,0.629228115,S,0.394560099,0.997634172,0.635369062,-0.368406057,-1.003775119,11
O,1.399226189,0.679008007,S,0.578916073,0.461087942,0.820310116,0.217920065,-0.602390051,11
O,1.13073802,0.494548798,S,0.963266134,0.912725925,0.167471886,-0.418177127,-0.585649013,11
O,0.646850109,1.447893858,S,2.534929991,1.114741087,-1.888079882,0.333152771,2.221232653,11
O,3.454056978,1.448523998,S,0.461205006,0.779917955,2.992851972,0.668606043,-2.324245929,12
O,1.833989859,0.461359024,S,0.963557005,0.764076948,0.870432854,-0.302717924,-1.173150778,12
O,0.98002696,0.445331097,S,0.545174122,2.484875917,0.434852838,-2.03954482,-2.474397658,12
O,0.478351116,0.778758049,S,0.512300968,0.846008062,-0.033949852,-0.067250013,-0.033300161,12
O,0.663659811,0.545059919,S,0.545171022,1.249132872,0.118488789,-0.704072953,-0.822561742,12
O,0.829503059,0.528634071,S,0.829379082,0.98159194,0.000123977,-0.452957869,-0.453081846,12
O,2.283632994,1.414943218,S,1.030470133,1.583045959,1.253162861,-0.168102741,-1.421265602,12
O,2.887337923,1.130613089,S,2.384653091,1.380892992,0.502684832,-0.250279903,-0.752964735,12
O,1.331071138,0.411011934,S,1.966516972,0.896378994,-0.635445834,-0.48536706,0.150078774,12
O,0.496395826,0.395294905,S,1.464824915,1.146703005,-0.968429089,-0.7514081,0.217020989,12
O,2.016332865,0.528871059,S,0.377809048,0.679372072,1.638523817,-0.150501013,-1.78902483,13
O,0.562204123,0.980185032,S,0.344072104,0.898315907,0.218132019,0.081869125,-0.136262894,13
O,3.489114046,0.562075138,S,0.879887104,2.100013971,2.609226942,-1.537938833,-4.147165775,13
O,0.295332909,0.696187019,S,0.428103924,1.399626017,-0.132771015,-0.703438998,-0.570667983,13
O,0.261924028,0.562180996,S,0.712759972,3.571391106,-0.450835944,-3.00921011,-2.558374166,13
O,1.314321041,0.494817972,S,0.46034503,1.817589998,0.853976011,-1.322772026,-2.176748037,13
O,2.083348989,0.445111036,S,0.328620911,0.679109097,1.754728078,-0.233998061,-1.988726139,13
O,0.680123091,1.11371994,S,0.858726978,1.717303038,-0.178603887,-0.603583098,-0.424979211,13
O,0.479620934,0.474177122,S,0.478833914,0.964442968,0.00078702,-0.490265846,-0.491052866,13
O,0.631099939,0.411100864,S,0.428408146,0.412960052,0.202691793,-0.001859188,-0.204550981,13
O,0.346011877,0.595543861,S,2.585289955,0.779303074,-2.239278078,-0.183759213,2.055518865,14
O,1.297805071,0.762808084,S,1.114545107,0.930039883,0.183259964,-0.167231799,-0.350491763,14
O,0.56230402,0.445092201,S,0.462460041,0.528231859,0.099843979,-0.083139658,-0.182983637,14
O,0.413126945,0.361762047,S,0.411673069,0.511427164,0.001453876,-0.149665117,-0.151118993,14
O,0.461926937,0.344630003,S,0.294835091,1.71709609,0.167091846,-1.372466087,-1.539557933,14
O,0.413130045,2.73604703,S,0.361511946,0.730490923,0.051618099,2.005556107,1.953938008,14
O,0.346106052,0.57866621,S,0.428668976,0.558543921,-0.082562924,0.020122289,0.102685213,14
O,0.645044088,0.545106888,S,0.428732157,0.496159077,0.216311931,0.048947811,-0.16736412,14
O,0.897799015,0.361418009,S,0.372997046,0.445104837,0.524801969,-0.083686828,-0.608488797,14
O,0.195665836,1.431646824,S,0.545629978,5.796792984,-0.349964142,-4.36514616,-4.015182018,14
O,0.578580856,0.946892023,S,0.461961031,0.444710016,0.116619825,0.502182007,0.385562182,15
O,0.412800074,0.461837053,S,0.462193012,2.970057964,-0.049392938,-2.508220911,-2.458827973,15
O,0.664005995,0.545034885,S,0.344540834,0.346439123,0.319465161,0.198595762,-0.120869399,15
O,1.095778942,1.063331127,S,1.849685907,0.744273901,-0.753906965,0.319057226,1.072964191,15
O,0.647054911,0.746151924,S,0.361457109,1.280997992,0.285597802,-0.534846068,-0.82044387,15
O,0.846749783,1.113564968,S,0.545217991,0.462023973,0.301531792,0.651540995,0.350009203,15
O,1.129332781,0.377734184,S,0.310549974,0.312674046,0.818782807,0.065060138,-0.753722669,15
O,0.612612009,0.344722033,S,0.628950119,0.747900963,-0.01633811,-0.40317893,-0.38684082,15
O,0.34630084,0.427835941,S,0.373675108,1.614094019,-0.027374268,-1.186258078,-1.15888381,15
O,0.52878499,0.578806877,S,0.378153801,0.680824995,0.150631189,-0.102018118,-0.252649307,15
O,1.112649918,0.896484137,S,1.097113848,0.696161985,0.01553607,0.200322152,0.184786082,16
O,0.828058004,0.67912817,S,0.494804144,1.416367054,0.33325386,-0.737238884,-1.070492744,16
O,0.696020126,0.59553194,S,1.313364029,0.746009111,-0.617343903,-0.150477171,0.466866732,16
O,0.613012075,0.595978022,S,0.512325048,0.796343803,0.100687027,-0.200365781,-0.301052808,16
O,0.779882193,0.478462934,S,0.528170109,2.15169692,0.251712084,-1.673233986,-1.92494607,16
O,2.385890961,1.313849926,S,1.949992895,0.73060894,0.435898066,0.583240986,0.14734292,16
O,0.729186058,0.624178886,S,1.779687166,0.996400118,-1.050501108,-0.372221232,0.678279876,16
O,0.680598021,0.578876019,S,0.64606905,0.713068008,0.034528971,-0.134191989,-0.16872096,16
O,0.663584948,0.512287855,S,0.84614706,0.71113801,-0.182562112,-0.198850155,-0.016288043,16
O,0.512158871,0.461366892,S,0.511425018,0.911217928,0.000733853,-0.449851036,-0.450584889,16
O,1.215103149,0.51266408,S,0.32881999,1.830959082,0.886283159,-1.318295002,-2.204578161,17
O,1.04937911,0.445914984,S,0.211011171,1.501528025,0.838367939,-1.055613041,-1.89398098,17
O,0.413235903,0.512940884,S,0.294327021,0.396028042,0.118908882,0.116912842,-0.00199604,17
O,0.631083965,0.980702162,S,0.32839179,0.79373908,0.302692175,0.186963082,-0.115729093,17
O,1.01444602,0.478438139,S,0.479220152,0.629207134,0.535225868,-0.150768995,-0.685994863,17
O,0.31269598,0.528814077,S,0.278601885,0.930972815,0.034094095,-0.402158738,-0.436252833,17
O,0.495326996,0.445682049,S,0.344889164,0.345016956,0.150437832,0.100665093,-0.049772739,17
O,1.533568859,0.980635881,S,1.081068993,2.020322084,0.452499866,-1.039686203,-1.492186069,17
O,0.345005989,0.478411198,S,0.311563015,1.298851967,0.033442974,-0.820440769,-0.853883743,17
O,0.595628977,0.429022074,S,0.394952059,0.413555861,0.200676918,0.015466213,-0.185210705,17
O,0.698096991,0.646738052,S,0.479259968,0.931910992,0.218837023,-0.28517294,-0.504009963,18
O,0.34464407,0.350310087,S,0.61314702,0.612619162,-0.26850295,-0.262309075,0.006193875,18
O,0.345189095,0.328421831,S,1.416311026,0.763149977,-1.071121931,-0.434728146,0.636393785,18
O,0.562026024,0.51235795,S,0.446003914,0.629170179,0.11602211,-0.116812229,-0.232834339,18
O,3.791671991,0.847645044,S,0.361735106,0.396370888,3.429936885,0.451274156,-2.978662729,18
O,1.133280993,0.478835106,S,0.545528173,0.631235123,0.58775282,-0.152400017,-0.740152837,18
O,1.132905006,0.930853128,S,0.19435811,0.798139811,0.938546896,0.132713317,-0.805833579,18
O,0.831885099,0.879615068,S,0.42849493,0.363579035,0.403390169,0.516036033,0.112645864,18
O,0.714590788,1.416360855,S,0.562463999,1.21668911,0.152126789,0.199671745,0.047544956,18
O,0.514052153,0.528758049,S,0.83062315,0.495895147,-0.316570997,0.032862902,0.349433899,18
O,0.413144827,0.495164871,S,0.611811161,1.466594934,-0.198666334,-0.971430063,-0.772763729,19
O,0.896247864,0.696178913,S,0.462013006,0.479764938,0.434234858,0.216413975,-0.217820883,19
O,2.57011199,0.445203066,S,0.979303837,1.448888063,1.590808153,-1.003684997,-2.59449315,19
O,0.58000803,0.428092003,S,0.662268162,0.846039057,-0.082260132,-0.417947054,-0.335686922,19
O,0.461606979,0.378982067,S,0.428465843,0.410748005,0.033141136,-0.031765938,-0.064907074,19
O,0.368714094,0.547814131,S,0.427870989,0.494786024,-0.059156895,0.053028107,0.112185002,19
O,0.359603167,0.361786842,S,0.394956112,0.528727055,-0.035352945,-0.166940213,-0.131587268,19
O,0.396229029,0.360863924,S,0.561894894,0.88152504,-0.165665865,-0.520661116,-0.354995251,19
O,0.47832489,0.411053896,S,0.445235014,0.645608187,0.033089876,-0.234554291,-0.267644167,19
O,0.494659901,0.612202883,S,0.3781991,0.360971928,0.116460801,0.251230955,0.134770154,19
O,0.763762951,1.347896814,S,0.461667061,1.381524086,0.30209589,-0.033627272,-0.335723162,20
O,0.52842021,0.729701042,S,1.097018957,3.320622921,-0.568598747,-2.590921879,-2.022323132,20
O,0.79664588,0.84600997,S,0.428645134,0.747478962,0.368000746,0.098531008,-0.269469738,20
O,0.530082941,0.645455122,S,0.378603935,0.628679991,0.151479006,0.016775131,-0.134703875,20
O,0.741231918,0.612693071,S,0.444857121,0.545348883,0.296374797,0.067344188,-0.229030609,20
O,0.56319499,0.461827993,S,1.130717039,0.628792048,-0.567522049,-0.166964055,0.400557994,20
O,0.876677036,0.763117075,S,0.378002882,1.566282034,0.498674154,-0.803164959,-1.301839113,20
O,0.412089825,0.628524065,S,0.445425034,1.566385984,-0.033335209,-0.937861919,-0.90452671,20
O,0.695362091,2.200845003,S,0.50774312,1.364323139,0.187618971,0.836521864,0.648902893,20
O,0.477969885,0.913263083,S,0.946712017,1.650036097,-0.468742132,-0.736773014,-0.268030882,20
O,0.445333004,0.595561028,S,0.495618105,0.446606159,-0.050285101,0.148954869,0.19923997,21
O,1.347505093,0.562423229,S,3.421341896,0.963114977,-2.073836803,-0.400691748,1.673145055,21
O,0.561728954,1.331326962,S,0.524389982,0.378246784,0.037338972,0.953080178,0.915741206,21
O,0.628998995,0.612370968,S,2.902746916,10.5608871,-2.273747921,-9.948516132,-7.674768211,21
O,1.097171783,0.428251028,S,2.083303928,3.956026793,-0.986132145,-3.527775765,-2.54164362,21
O,0.463358879,0.478191853,S,1.648085833,6.246995926,-1.184726954,-5.768804073,-4.584077119,21
O,4.858351946,1.147274971,S,0.612634897,0.546644926,4.245717049,0.600630045,-3.645087004,21
O,0.58019805,0.427453995,S,0.495445967,0.645231962,0.084752083,-0.217777967,-0.30253005,21
O,0.847781897,0.545243025,S,0.561857939,3.353806973,0.285923958,-2.808563948,-3.094487906,21
O,0.863812923,0.562368155,S,1.364021063,2.284878969,-0.50020814,-1.722510814,-1.222302674,21
O,0.8967278,1.080378056,S,0.829837084,0.713534832,0.066890716,0.366843224,0.299952508,22
O,0.745831013,0.745549917,S,1.531631947,1.097042084,-0.785800934,-0.351492167,0.434308767,22
O,1.248996019,0.54524684,S,0.545302868,0.57930088,0.703693151,-0.03405404,-0.737747191,22
O,1.232281923,0.930080891,S,0.679711103,1.967943907,0.55257082,-1.037863016,-1.590433836,22
O,1.148583174,0.997100115,S,2.317894936,1.984544039,-1.169311762,-0.987443924,0.181867838,22
O,0.361555099,0.361583948,S,0.528153896,1.014770031,-0.166598797,-0.653186083,-0.486587286,22
O,1.048494101,1.93269515,S,0.712308884,0.546621084,0.336185217,1.386074066,1.049888849,22
O,2.820590019,0.512035847,S,0.545021057,0.746175051,2.275568962,-0.234139204,-2.509708166,22
O,0.628664017,0.495218039,S,0.545342922,0.462946892,0.083321095,0.032271147,-0.051049948,22
O,1.800606012,0.679270983,S,1.063817978,0.729171038,0.736788034,-0.049900055,-0.786688089,22
O,0.279501915,0.328167915,S,0.161175966,0.446181059,0.118325949,-0.118013144,-0.236339093,23
O,0.662456989,0.361091852,S,0.211390018,0.311436892,0.451066971,0.04965496,-0.401412011,23
O,0.337801933,0.277924061,S,0.528625965,0.277835846,-0.190824032,8.82E-05,0.190912247,23
O,0.227017879,0.327724934,S,0.319872141,0.309791088,-0.092854262,0.017933846,0.110788108,23
O,0.41319108,0.908825159,S,0.478089094,1.214193821,-0.064898014,-0.305368662,-0.240470648,23
O,0.211094856,0.54499197,S,0.378997087,0.83121109,-0.167902231,-0.28621912,-0.118316889,23
O,0.162318945,0.110808134,S,0.194319963,1.148528099,-0.032001018,-1.037719965,-1.005718947,23
O,0.145354033,0.544784069,S,0.227866173,0.329591036,-0.08251214,0.215193033,0.297705173,23
O,0.512197018,0.461391926,S,0.160653114,0.175867081,0.351543904,0.285524845,-0.066019059,23
O,0.494795084,0.428101063,S,0.311306953,0.327842951,0.183488131,0.100258112,-0.083230019,23
O,0.379688025,0.428285122,S,0.545557976,0.479302168,-0.165869951,-0.051017046,0.114852905,24
O,0.613267183,0.529119015,S,0.428595066,0.546864986,0.184672117,-0.017745971,-0.202418088,24
O,0.395246983,0.511923075,S,0.344985008,0.713917017,0.050261975,-0.201993942,-0.252255917,24
O,0.42899704,0.445281029,S,0.445225954,0.446536064,-0.016228914,-0.001255035,0.014973879,24
O,0.446588993,0.428105116,S,0.562155962,0.511788845,-0.115566969,-0.083683729,0.03188324,24
O,0.395982027,0.495774984,S,0.361574173,0.396015167,0.034407854,0.099759817,0.065351963,24
O,0.512027979,0.428200006,S,0.461472988,0.529115915,0.050554991,-0.100915909,-0.1514709,24
O,0.394407988,0.528120995,S,0.411358118,0.879086018,-0.01695013,-0.350965023,-0.334014893,24
O,1.097992897,0.445122004,S,0.328299046,0.329438925,0.769693851,0.115683079,-0.654010772,24
O,0.996119022,0.511869907,S,0.424278975,0.511927128,0.571840047,-5.72E-05,-0.571897268,24
O,0.36294508,0.37853694,S,0.579005957,0.328268051,-0.216060877,0.050268889,0.266329766,25
O,0.513360977,0.930268049,S,2.200586081,0.495208025,-1.687225104,0.435060024,2.122285128,25
O,1.383064032,0.445001841,S,0.545340776,0.411631107,0.837723256,0.033370734,-0.804352522,25
O,0.394251108,0.528853893,S,0.32814312,0.463384151,0.066107988,0.065469742,-0.000638246,25
O,0.327991009,0.629179955,S,0.562625885,0.730682135,-0.234634876,-0.10150218,0.133132696,25
O,0.379748106,0.461298943,S,3.120634794,1.416182041,-2.740886688,-0.954883098,1.78600359,25
O,0.329159021,1.264166117,S,0.394909143,0.931159973,-0.065750122,0.333006144,0.398756266,25
O,0.428679943,0.628454208,S,1.916741133,0.896592855,-1.48806119,-0.268138647,1.219922543,25
O,1.013231993,0.34455204,S,0.562121868,0.479974985,0.451110125,-0.135422945,-0.58653307,25
O,0.429265022,0.411557913,S,1.531746149,1.232437134,-1.102481127,-0.820879221,0.281601906,25
O,2.824055195,0.847486019,S,0.462517977,0.512346029,2.361537218,0.33513999,-2.026397228,26
O,3.022410154,0.51275301,S,3.424156904,3.508392096,-0.40174675,-2.995639086,-2.593892336,26
O,2.738279104,0.796689034,S,0.679487944,0.62946105,2.05879116,0.167227984,-1.891563176,26
O,0.630790949,0.445898056,S,0.596029997,0.564357042,0.034760952,-0.118458986,-0.153219938,26
O,0.964248896,1.349391937,S,0.997505903,0.612724066,-0.033257007,0.736667871,0.769924878,26
O,0.363003969,0.512842178,S,0.378170013,0.396348,-0.015166044,0.116494178,0.131660222,26
O,0.478698969,0.391206026,S,0.462407112,0.39474988,0.016291857,-0.003543854,-0.019835711,26
O,0.428828955,0.428787947,S,0.663079977,0.714370012,-0.234251022,-0.285582065,-0.051331043,26
O,0.809911013,0.545849085,S,0.395740986,0.413168907,0.414170027,0.132680178,-0.281489849,26
O,0.378553152,0.495564938,S,0.395447969,0.59573698,-0.016894817,-0.100172042,-0.083277225,26
O,0.74595499,0.79202199,S,0.428676128,0.864499092,0.317278862,-0.072477102,-0.389755964,27
O,0.878975868,1.248228073,S,0.763514996,2.551981211,0.115460872,-1.303753138,-1.41921401,27
O,0.645445108,0.829529047,S,0.427988052,0.66405201,0.217457056,0.165477037,-0.051980019,27
O,0.763679981,1.314689159,S,0.545522928,0.996752024,0.218157053,0.317937135,0.099780082,27
O,0.730746031,0.796559095,S,0.411717892,1.449253082,0.319028139,-0.652693987,-0.971722126,27
O,1.665911198,0.595414162,S,0.662143946,1.68420887,1.003767252,-1.088794708,-2.09256196,27
O,0.494607925,0.529069185,S,0.462097168,0.578572989,0.032510757,-0.049503804,-0.082014561,27
O,0.613786936,1.36413908,S,0.478608131,2.133262157,0.135178805,-0.769123077,-0.904301882,27
O,0.446511984,1.047216177,S,0.411864042,0.411495209,0.034647942,0.635720968,0.601073026,27
O,0.578685045,0.662037134,S,0.478224039,1.197229147,0.100461006,-0.535192013,-0.635653019,27
O,0.52700305,0.695743084,S,0.277822971,0.362436056,0.249180079,0.333307028,0.084126949,28
O,0.494701862,0.963073015,S,0.429020882,0.427858114,0.06568098,0.535214901,0.469533921,28
O,0.762398958,0.645339012,S,0.394745827,0.964957952,0.367653131,-0.31961894,-0.687272071,28
O,0.713974953,0.578463078,S,0.478591919,0.529757023,0.235383034,0.048706055,-0.186676979,28
O,0.547071934,0.628591061,S,1.866769075,0.613353968,-1.319697141,0.015237093,1.334934234,28
O,0.494641781,0.411719084,S,0.562164068,2.035358906,-0.067522287,-1.623639822,-1.556117535,28
O,0.412811041,0.445199966,S,0.177840948,0.177670956,0.234970093,0.26752901,0.032558917,28
O,0.445994854,0.462195158,S,0.34512496,0.444764137,0.100869894,0.017431021,-0.083438873,28
O,0.513607025,0.511978865,S,0.461808205,0.645729065,0.05179882,-0.1337502,-0.18554902,28
O,0.195654869,0.19467783,S,0.177659035,0.178991079,0.017995834,0.015686751,-0.002309083,28
O,0.663660049,0.696018934,S,1.264034987,1.515532017,-0.600374938,-0.819513083,-0.219138145,29
O,0.662388086,0.62747097,S,1.113445044,0.93133688,-0.451056958,-0.30386591,0.147191048,29
O,1.750164032,0.980243206,S,0.444800138,0.512903929,1.305363894,0.467339277,-0.838024617,29
O,0.496884108,1.447886229,S,0.561980963,0.96469903,-0.065096855,0.483187199,0.548284054,29
O,0.511959076,0.528913021,S,0.544871092,2.952353001,-0.032912016,-2.42343998,-2.390527964,29
O,0.712563038,0.578860044,S,0.56232214,0.663276911,0.150240898,-0.084416867,-0.234657765,29
O,0.728723049,0.812814951,S,0.511672974,1.179908991,0.217050075,-0.36709404,-0.584144115,29
O,0.880995989,0.527864933,S,3.554444075,1.146965981,-2.673448086,-0.619101048,2.054347038,29
O,0.795861959,0.411398888,S,0.51146102,0.862365961,0.284400939,-0.450967073,-0.735368012,29
O,1.180295229,0.612602949,S,0.461745024,0.695867062,0.718550205,-0.083264113,-0.801814318,29
O,0.495771885,0.428106785,S,0.445496082,0.429461956,0.050275803,-0.001355171,-0.051630974,30
O,0.630390882,2.016317129,S,0.579077959,0.762035131,0.051312923,1.254281998,1.202969075,30
O,0.546947002,0.729082108,S,0.562127113,1.68402195,-0.015180111,-0.954939842,-0.939759731,30
O,0.529643059,0.612341166,S,0.394446135,0.626542091,0.135196924,-0.014200925,-0.149397849,30
O,0.427757025,0.445232153,S,0.428303003,0.413367033,-0.000545978,0.03186512,0.032411098,30
O,0.545607805,0.528617859,S,0.612117052,0.81252718,-0.066509247,-0.283909321,-0.217400074,30
O,0.678385973,0.47813201,S,0.429088116,3.655015945,0.249297857,-3.176883935,-3.426181792,30
O,0.562387943,1.164307117,S,0.578361988,3.989458799,-0.015974045,-2.825151682,-2.809177637,30
O,0.578130007,0.561414957,S,0.528739214,0.528566122,0.049390793,0.032848835,-0.016541958,30
O,0.445802927,0.896303892,S,0.477591038,1.399101973,-0.031788111,-0.502798081,-0.47100997,30
O,0.530248165,0.528625011,S,0.44285512,0.479832888,0.087393045,0.048792123,-0.038600922,31
O,0.41265583,0.411904097,S,0.37797904,0.311774015,0.03467679,0.100130082,0.065453292,31
O,0.496501923,0.579267025,S,0.361598015,0.311486959,0.134903908,0.267780066,0.132876158,31
O,0.480200052,0.61194706,S,0.629333973,0.463013172,-0.149133921,0.148933888,0.298067809,31
O,0.463064194,0.4454,S,0.445709944,0.396476984,0.01735425,0.048923016,0.031568766,31
O,0.361824036,0.345438957,S,0.579119921,0.779107094,-0.217295885,-0.433668137,-0.216372252,31
O,0.34497714,0.344851017,S,0.478470087,1.137402058,-0.133492947,-0.792551041,-0.659058094,31
O,0.346096992,0.49516511,S,0.428215981,0.446312904,-0.082118989,0.048852206,0.130971195,31
O,0.211144924,0.311133862,S,0.31081295,0.245798826,-0.099668026,0.065335036,0.165003062,31
O,0.427941084,0.395123959,S,0.913476944,0.881519079,-0.48553586,-0.48639512,-0.00085926,31
O,1.098062992,1.464123964,S,4.975980997,0.930377007,-3.877918005,0.533746957,4.411664962,32
O,1.298450947,1.899552822,S,0.629474163,0.640735865,0.668976784,1.258816957,0.589840173,32
O,1.099042892,0.762716055,S,0.69570899,0.630566835,0.403333902,0.13214922,-0.271184682,32
O,0.36173296,0.645435095,S,0.445425034,1.314110994,-0.083692074,-0.668675899,-0.584983825,32
O,0.981358051,0.829344988,S,0.512466908,0.56187892,0.468891143,0.267466068,-0.201425075,32
O,0.561105967,0.462073088,S,0.712660074,0.663682938,-0.151554107,-0.20160985,-0.050055743,32
O,0.57992506,0.712236881,S,0.578813791,0.412444115,0.001111269,0.299792766,0.298681497,32
O,0.362552881,0.746632099,S,0.29440999,0.345961094,0.068142891,0.400671005,0.332528114,32
O,0.423408031,0.595072985,S,0.34525609,0.613140106,0.078151941,-0.018067121,-0.096219062,32
O,0.361139059,0.461977959,S,0.494768858,0.496958971,-0.133629799,-0.034981012,0.098648787,32
O,1.49861002,0.729326963,S,0.56192112,0.694318056,0.9366889,0.035008907,-0.901679993,33
O,1.681107998,0.595770836,S,1.114084959,1.229166031,0.567023039,-0.633395195,-1.200418234,33
O,0.662318945,0.612668037,S,0.712836027,0.714246988,-0.050517082,-0.101578951,-0.051061869,33
O,0.761150122,2.73538208,S,0.612217903,0.579152822,0.148932219,2.156229258,2.007297039,33
O,0.981552839,0.540606976,S,0.678821087,0.444809198,0.302731752,0.095797778,-0.206933974,33
O,1.130339861,0.91309309,S,0.746186018,0.896376848,0.384153843,0.016716242,-0.367437601,33
O,0.856966019,0.545459986,S,0.79621911,0.663642883,0.060746909,-0.118182897,-0.178929806,33
O,2.018177986,0.428431034,S,0.562312841,1.600000858,1.455865145,-1.171569824,-2.627434969,33
O,0.462741137,0.394943953,S,1.196846008,0.96468997,-0.734104871,-0.569746017,0.164358854,33
O,0.413153887,0.444772005,S,0.394569159,0.462026834,0.018584728,-0.017254829,-0.035839557,33
O,0.996807098,0.595363855,S,0.412280083,0.378051996,0.584527015,0.217311859,-0.367215156,34
O,0.395626068,0.445981026,S,0.645464897,0.396043062,-0.249838829,0.049937964,0.299776793,34
O,0.512171984,0.461570024,S,0.377952814,0.396497011,0.13421917,0.065073013,-0.069146157,34
O,0.411974907,0.394689083,S,0.54490304,0.444992065,-0.132928133,-0.050302982,0.082625151,34
O,0.507218122,0.679037094,S,0.411922216,0.745937109,0.095295906,-0.066900015,-0.162195921,34
O,0.413075924,0.511427879,S,0.361024141,0.346576929,0.052051783,0.16485095,0.112799167,34
O,0.394948959,0.395015955,S,0.210589886,0.781116009,0.184359073,-0.386100054,-0.570459127,34
O,0.646836996,0.445077896,S,0.411377907,1.247776985,0.235459089,-0.802699089,-1.038158178,34
O,0.546638012,0.344390869,S,0.444983959,0.445499182,0.101654053,-0.101108313,-0.202762366,34
O,0.377402067,0.461541891,S,0.394979954,0.394157887,-0.017577887,0.067384004,0.084961891,34
O,0.828202009,0.494949102,S,3.705832005,1.047149897,-2.877629996,-0.552200795,2.325429201,35
O,0.429265022,0.67897892,S,0.595350981,0.646457911,-0.166085959,0.032521009,0.198606968,35
O,0.930105925,0.763331175,S,0.49505806,0.429916143,0.435047865,0.333415032,-0.101632833,35
O,0.814131975,0.378460884,S,0.528871059,0.496389866,0.285260916,-0.117928982,-0.403189898,35
O,1.197305918,0.528498888,S,0.528264046,0.478274107,0.669041872,0.050224781,-0.618817091,35
O,0.830967903,1.247433901,S,0.478600025,0.712168932,0.352367878,0.535264969,0.182897091,35
O,1.115161896,0.428570986,S,0.495001078,0.509806156,0.620160818,-0.08123517,-0.701395988,35
O,0.640599966,0.679461002,S,0.428260088,0.627223969,0.212339878,0.052237033,-0.160102845,35
O,0.680435896,0.762712002,S,0.863584042,0.780108929,-0.183148146,-0.017396927,0.165751219,35
O,0.461331129,0.462482929,S,0.62883091,0.547230959,-0.167499781,-0.08474803,0.082751751,35
O,0.747484922,0.645627022,S,0.71211195,0.981338024,0.035372972,-0.335711002,-0.371083974,36
O,0.596755028,0.628856897,S,0.428748846,0.412436008,0.168006182,0.216420889,0.048414707,36
O,0.647351027,0.495239973,S,0.77936697,1.163805962,-0.132015943,-0.668565989,-0.536550046,36
O,0.478782892,0.344648123,S,0.294304132,0.346055984,0.18447876,-0.001407861,-0.185886621,36
O,0.361346006,0.328015089,S,0.545409918,0.597177029,-0.184063912,-0.26916194,-0.085098028,36
O,0.379655838,0.361423016,S,0.378190994,0.346194983,0.001464844,0.015228033,0.013763189,36
O,0.379481077,0.495141983,S,0.328508139,0.344393969,0.050972938,0.150748014,0.099775076,36
O,0.362684011,0.361790895,S,0.441346884,0.695807934,-0.078662873,-0.334017039,-0.255354166,36
O,0.695016861,0.295438051,S,0.478765965,0.494791985,0.216250896,-0.199353934,-0.41560483,36
O,0.328609943,0.361075163,S,0.427600861,0.462945938,-0.098990918,-0.101870775,-0.002879857,36
O,0.376492023,0.512318134,S,0.211085081,0.627338171,0.165406942,-0.115020037,-0.280426979,37
O,10.00653982,0.277495146,S,1.080651999,0.446723938,8.925887821,-0.169228792,-9.095116613,37
O,0.42847681,0.33996892,S,0.729092121,0.411520004,-0.300615311,-0.071551084,0.229064227,37
O,0.328192949,0.444576025,S,4.022190809,0.463212967,-3.69399786,-0.018636942,3.675360918,37
O,0.328943968,0.261253119,S,0.378094196,0.345698118,-0.049150228,-0.084444999,-0.035294771,37
O,0.294501066,0.311385155,S,0.695373058,0.610934019,-0.400871992,-0.299548864,0.101323128,37
O,0.294522047,0.344831944,S,0.462053061,5.209657907,-0.167531014,-4.864825963,-4.697294949,37
O,0.279691935,0.712465048,S,0.562397003,0.779083014,-0.282705068,-0.066617966,0.216087102,37
O,0.145724058,0.177011967,S,0.378772974,0.26086092,-0.233048916,-0.083848953,0.149199963,37
O,0.39093399,0.72893095,S,0.427923918,0.446271181,-0.036989928,0.282659769,0.319649697,37
O,0.815769911,0.510764837,S,0.646691084,1.315556049,0.169078827,-0.804791212,-0.973870039,38
O,1.032697916,0.327973127,S,0.94769907,1.181879044,0.084998846,-0.853905917,-0.938904763,38
O,0.830271959,0.545606852,S,1.046540022,0.763484001,-0.216268063,-0.217877149,-0.001609086,38
O,0.663727045,0.328882933,S,1.299171925,0.714653969,-0.63544488,-0.385771036,0.249673844,38
O,0.69760704,1.733965874,S,0.545777798,0.662905931,0.151829242,1.071059943,0.919230701,38
O,0.713528872,0.328264952,S,0.42851305,0.865394831,0.285015822,-0.537129879,-0.822145701,38
O,0.714583158,0.663202047,S,0.596371174,0.831930161,0.118211984,-0.168728114,-0.286940098,38
O,0.796748161,0.445558071,S,0.847285032,0.748230934,-0.050536871,-0.302672863,-0.252135992,38
O,0.629552841,0.712677956,S,0.629765987,0.612517834,-0.000213146,0.100160122,0.100373268,38
O,1.149971008,0.629209995,S,0.662695885,0.731768131,0.487275123,-0.102558136,-0.589833259,38
O,1.634449959,0.964875221,S,1.232217073,7.910063982,0.402232886,-6.945188761,-7.347421647,39
O,1.333697081,1.867965937,S,0.662868023,0.748230934,0.670829058,1.119735003,0.448905945,39
O,0.525753021,0.545650005,S,0.395662069,1.515669107,0.130090952,-0.970019102,-1.100110054,39
O,1.078183174,0.645977974,S,0.529409885,2.420141935,0.548773289,-1.774163961,-2.32293725,39
O,0.545876026,0.512420893,S,0.863813877,4.462002993,-0.317937851,-3.9495821,-3.631644249,39
O,0.813503027,0.612739086,S,0.429391146,0.48004508,0.384111881,0.132694006,-0.251417875,39
O,1.14797616,0.478980064,S,0.378183126,0.629920006,0.769793034,-0.150939942,-0.920732976,39
O,0.495352983,0.579510212,S,0.444926023,1.265372992,0.05042696,-0.68586278,-0.73628974,39
O,0.612956047,0.478515148,S,0.428437948,0.329758883,0.184518099,0.148756265,-0.035761834,39
O,0.748008013,0.428341866,S,0.344583035,0.447255135,0.403424978,-0.018913269,-0.422338247,39
O,0.530155182,0.378241062,S,0.778810024,0.712585211,-0.248654842,-0.334344149,-0.085689307,40
O,0.677479029,0.679595947,S,0.47791791,1.196184874,0.199561119,-0.516588927,-0.716150046,40
O,0.495150089,0.445345879,S,0.495624065,0.496737957,-0.000473976,-0.051392078,-0.050918102,40
O,0.51216197,3.220151901,S,7.45026803,0.664077044,-6.93810606,2.556074857,9.494180917,40
O,0.662084103,0.662201881,S,0.378497839,0.456991196,0.283586264,0.205210685,-0.078375579,40
O,0.327917814,0.662380934,S,0.863237858,2.16834116,-0.535320044,-1.505960226,-0.970640182,40
O,0.496360064,0.461682081,S,0.762212038,0.445760965,-0.265851974,0.015921116,0.28177309,40
O,0.343271971,0.361809969,S,0.327769995,2.101900101,0.015501976,-1.740090132,-1.755592108,40
O,0.48014307,0.344474077,S,0.328000784,0.392930984,0.152142286,-0.048456907,-0.200599193,40
O,0.295857906,0.46202302,S,0.311150074,1.09668684,-0.015292168,-0.63466382,-0.619371652,40
O,0.563119173,0.512212038,S,0.544971228,0.76444602,0.018147945,-0.252233982,-0.270381927,41
O,0.228784084,0.411752939,S,0.411705017,0.346328974,-0.182920933,0.065423965,0.248344898,41
O,0.312751055,0.344873905,S,0.345171213,0.428067923,-0.032420158,-0.083194018,-0.05077386,41
O,0.361469984,0.311317921,S,0.378622055,0.946234941,-0.017152071,-0.63491702,-0.617764949,41
O,0.361196995,0.360924959,S,0.59489584,0.597129107,-0.233698845,-0.236204148,-0.002505303,41
O,0.42726779,0.394934893,S,0.378005981,0.328469992,0.049261809,0.066464901,0.017203092,41
O,0.24533391,0.428483009,S,0.494438887,0.480208874,-0.249104977,-0.051725865,0.197379112,41
O,0.897863865,0.408624172,S,0.477473021,0.412446976,0.420390844,-0.003822804,-0.424213648,41
O,0.46121788,0.646575928,S,0.511580944,1.214104891,-0.050363064,-0.567528963,-0.517165899,41
O,0.362971067,0.361390829,S,0.395400047,1.115032911,-0.03242898,-0.753642082,-0.721213102,41
O,1.902966022,0.612473965,S,12.444947,2.520653963,-10.54198098,-1.908179998,8.633800982,42
O,2.286489964,2.253387928,S,0.578771114,1.233808994,1.70771885,1.019578934,-0.688139916,42
O,5.467986107,2.319800138,S,0.512870073,2.102075815,4.955116034,0.217724323,-4.737391711,42
O,0.480219841,0.412002087,S,2.068725109,3.409435987,-1.588505268,-2.9974339,-1.408928632,42
O,0.194582939,0.211410046,S,0.981045961,0.847169876,-0.786463022,-0.63575983,0.150703192,42
O,0.195480108,0.177392006,S,0.378931046,0.323764086,-0.183450938,-0.14637208,0.037078858,42
O,0.212769985,0.177798033,S,0.194437027,0.162308931,0.018332958,0.015489102,-0.002843856,42
O,0.227952003,0.227863073,S,0.228085995,0.2626791,-0.000133992,-0.034816027,-0.034682035,42
O,0.211507082,0.194615126,S,0.228363037,0.262955189,-0.016855955,-0.068340063,-0.051484108,42
O,0.227712154,0.228517056,S,0.36139822,0.279781818,-0.133686066,-0.051264762,0.082421304,42
O,1.162503958,0.545095921,S,0.779515028,0.579629183,0.38298893,-0.034533262,-0.417522192,43
O,0.713052034,0.863070965,S,0.461989164,0.593924046,0.25106287,0.269146919,0.018084049,43
O,0.462986946,0.445469856,S,1.482297897,0.83065486,-1.019310951,-0.385185004,0.634125947,43
O,0.511907101,0.478698015,S,0.528571844,0.613837004,-0.016664743,-0.135138989,-0.118474246,43
O,0.362892151,0.360842943,S,0.445276976,0.462115049,-0.082384825,-0.101272106,-0.018887281,43
O,0.577753067,0.528419018,S,0.829329014,0.613442898,-0.251575947,-0.08502388,0.166552067,43
O,0.362385988,0.361508131,S,2.71941185,0.40950799,-2.357025862,-0.047999859,2.309026003,43
O,0.429256916,0.411687851,S,0.462072849,0.461535931,-0.032815933,-0.04984808,-0.017032147,43
O,0.54579711,0.545115948,S,2.300934076,0.427410126,-1.755136966,0.117705822,1.872842788,43
O,0.591974974,0.512279034,S,1.882444143,0.563060045,-1.290469169,-0.050781011,1.239688158,43
O,0.964896917,0.628924847,S,0.479001999,2.00153017,0.485894918,-1.372605323,-1.858500241,44
O,1.282385111,0.62912488,S,0.562541008,0.680773973,0.719844103,-0.051649093,-0.771493196,44
O,0.862857819,0.645612955,S,0.411490917,0.762721062,0.451366902,-0.117108107,-0.568475009,44
O,0.779289961,0.9800179,S,0.478541851,0.49635601,0.30074811,0.48366189,0.18291378,44
O,0.445120096,0.440249205,S,0.595812082,0.478681087,-0.150691986,-0.038431882,0.112260104,44
O,0.428456068,0.461775064,S,0.478515863,0.462860823,-0.050059795,-0.001085759,0.048974036,44
O,0.563299179,0.445124865,S,0.579179049,0.429638147,-0.01587987,0.015486718,0.031366588,44
O,0.647162914,0.49529314,S,0.679383993,0.495378971,-0.032221079,-8.58E-05,0.032135248,44
O,0.596896887,0.545035124,S,0.478413105,0.411458015,0.118483782,0.133577109,0.015093327,44
O,0.797763109,0.528498888,S,0.461351156,0.446450949,0.336411953,0.082047939,-0.254364014,44
O,0.395112038,0.412142038,S,0.49553895,1.717949152,-0.100426912,-1.305807114,-1.205380202,45
O,1.06403017,0.562247992,S,0.445079088,0.629386187,0.618951082,-0.067138195,-0.686089277,45
O,1.163147926,0.696399927,S,1.131205082,0.697627068,0.031942844,-0.001227141,-0.033169985,45
O,0.429807901,1.566014051,S,1.348285913,0.830108166,-0.918478012,0.735905885,1.654383897,45
O,0.664124012,0.863152981,S,0.478204012,0.646529913,0.18592,0.216623068,0.030703068,45
O,0.413136959,1.01261878,S,0.696371078,0.528559923,-0.283234119,0.484058857,0.767292976,45
O,0.629611015,0.879832029,S,1.348796844,2.119477987,-0.719185829,-1.239645958,-0.520460129,45
O,1.467061043,0.913527012,S,0.595897198,0.427197933,0.871163845,0.486329079,-0.384834766,45
O,1.747977018,0.411860943,S,0.997594833,0.580430031,0.750382185,-0.168569088,-0.918951273,45
O,0.394980192,0.445106983,S,0.328004122,0.393294096,0.06697607,0.051812887,-0.015163183,45
O,1.164060116,0.695656061,S,0.678794146,4.056746006,0.48526597,-3.361089945,-3.846355915,46
O,0.763667822,0.462637901,S,1.114416838,1.280962944,-0.350749016,-0.818325043,-0.467576027,46
O,0.762627125,0.562164068,S,1.41445899,1.098430157,-0.651831865,-0.536266089,0.115565776,46
O,1.199007988,0.829634905,S,0.679162025,0.629958153,0.519845963,0.199676752,-0.320169211,46
O,0.463101864,2.684798002,S,0.394790173,1.549021959,0.068311691,1.135776043,1.067464352,46
O,0.545310974,0.528977871,S,0.545203209,0.913388014,0.000107765,-0.384410143,-0.384517908,46
O,0.545217037,0.84632206,S,0.395337105,0.612688065,0.149879932,0.233633995,0.083754063,46
O,1.280609131,1.548972845,S,0.428169012,4.290847063,0.852440119,-2.741874218,-3.594314337,46
O,0.394623041,0.462173939,S,1.314423084,2.250793934,-0.919800043,-1.788619995,-0.868819952,46
O,0.596744061,0.512153149,S,0.729377985,0.379456043,-0.132633924,0.132697106,0.26533103,46
O,1.315468073,0.746730089,S,0.462069988,0.546036005,0.853398085,0.200694084,-0.652704001,47
O,1.584374189,1.500236988,S,1.11490202,1.116431952,0.469472169,0.383805036,-0.085667133,47
O,2.237388849,1.432802916,S,0.495148897,0.430620193,1.742239952,1.002182723,-0.740057229,47
O,1.733806133,0.830518961,S,1.365886211,1.048238993,0.367919922,-0.217720032,-0.585639954,47
O,0.390870094,0.42835784,S,0.462617874,0.379942179,-0.07174778,0.048415661,0.120163441,47
O,0.177910089,0.161753893,S,0.161038876,0.160384178,0.016871213,0.001369715,-0.015501498,47
O,0.162487984,0.161217928,S,0.228415966,0.428483009,-0.065927982,-0.267265081,-0.201337099,47
O,0.446578026,0.328606129,S,0.211739779,0.19448781,0.234838247,0.134118319,-0.100719928,47
O,0.21094203,0.161564112,S,0.127747059,0.330203056,0.083194971,-0.168638944,-0.251833915,47
O,0.228264093,0.261345148,S,0.177662134,0.19481802,0.050601959,0.066527128,0.015925169,47
O,0.664545059,0.596025944,S,0.54655695,0.530079842,0.117988109,0.065946102,-0.052042007,48
O,1.31633997,0.662947893,S,0.763231039,0.915541887,0.553108931,-0.252593994,-0.805702925,48
O,0.363110065,0.362215042,S,0.495584965,0.713190794,-0.1324749,-0.350975752,-0.218500852,48
O,0.897267103,0.545204878,S,0.395074844,0.378360033,0.502192259,0.166844845,-0.335347414,48
O,0.547106981,0.529356003,S,0.613255978,0.413254023,-0.066148997,0.11610198,0.182250977,48
O,0.39695406,0.457722902,S,0.546081066,0.395069838,-0.149127006,0.062653064,0.21178007,48
O,0.479976892,0.579319,S,0.562525034,0.81500411,-0.082548142,-0.23568511,-0.153136968,48
O,0.662559986,0.495389938,S,0.395053864,0.363506079,0.267506122,0.131883859,-0.135622263,48
O,0.581130028,0.679584026,S,0.345666885,0.361396074,0.235463143,0.318187952,0.082724809,48
O,0.529188156,0.562609911,S,0.394598961,0.597538948,0.134589195,-0.034929037,-0.169518232,48
O,0.446739912,0.395313025,S,0.562451124,0.614626884,-0.115711212,-0.219313859,-0.103602647,49
O,0.429116964,0.412132025,S,0.544721842,0.848320961,-0.115604878,-0.436188936,-0.320584058,49
O,0.49526,0.47903204,S,0.378335953,0.514185905,0.116924047,-0.035153865,-0.152077912,49
O,0.46442914,0.461994171,S,0.378798008,0.595428228,0.085631132,-0.133434057,-0.219065189,49
O,1.432405949,0.546024084,S,0.361513853,0.526411057,1.070892096,0.019613027,-1.051279069,49
O,0.697324038,0.513091087,S,0.429046869,0.51195097,0.268277169,0.001140117,-0.267137052,49
O,0.413136959,0.713365793,S,0.260442019,0.380836964,0.15269494,0.332528829,0.179833889,49
O,0.429961205,0.462356806,S,0.428348064,0.328980923,0.001613141,0.133375883,0.131762742,49
O,0.295091152,0.679930925,S,0.311684132,0.513305902,-0.01659298,0.166625023,0.183218003,49
O,0.313124895,0.311435938,S,0.245203018,0.361277819,0.067921877,-0.049841881,-0.117763758,49
O,0.614040136,0.52840209,S,0.478158951,0.396456957,0.135881185,0.131945133,-0.003936052,50
O,0.579917192,0.579186916,S,0.44529295,0.396060944,0.134624242,0.183125972,0.04850173,50
O,0.646838903,0.444849968,S,0.361676931,0.462130785,0.285161972,-0.017280817,-0.302442789,50
O,0.47367692,0.66209507,S,0.411406994,1.565516949,0.062269926,-0.903421879,-0.965691805,50
O,0.695487022,0.478386879,S,0.829627037,0.394393921,-0.134140015,0.083992958,0.218132973,50
O,0.729256868,0.445035934,S,0.445096016,0.781016111,0.284160852,-0.335980177,-0.620141029,50
O,0.864261866,0.458142996,S,0.545603037,1.148337126,0.318658829,-0.69019413,-1.008852959,50
O,0.780215979,0.478751183,S,0.460304976,1.349442959,0.319911003,-0.870691776,-1.190602779,50
O,0.764270067,0.428128004,S,1.211344004,0.528618097,-0.447073937,-0.100490093,0.346583844,50
O,0.841492891,0.545387983,S,0.495707989,0.462785006,0.345784902,0.082602977,-0.263181925,50
O,0.781064987,0.361456156,S,1.113636017,1.24720788,-0.33257103,-0.885751724,-0.553180694,51
O,0.445042133,0.511789083,S,0.411866188,0.411623955,0.033175945,0.100165128,0.066989183,51
O,1.51491189,0.445224047,S,0.378333092,0.741626978,1.136578798,-0.296402931,-1.432981729,51
O,0.362860918,0.445233107,S,0.2943151,0.780458212,0.068545818,-0.335225105,-0.403770923,51
O,1.331223965,0.394949913,S,0.544923067,0.39509201,0.786300898,-0.000142097,-0.786442995,51
O,0.629204988,0.394686937,S,0.545450926,1.765722036,0.083754062,-1.371035099,-1.454789161,51
O,0.36171484,0.394752979,S,0.428617001,0.394277096,-0.066902161,0.000475883,0.067378044,51
O,0.327816963,0.846503019,S,0.327888966,0.596914768,-7.20E-05,0.249588251,0.249660254,51
O,0.814167023,0.511188984,S,0.328557014,0.511739969,0.485610009,-0.000550985,-0.486160994,51
O,0.613270998,0.629622936,S,0.361217022,0.680323124,0.252053976,-0.050700188,-0.302754164,51
O,0.196022987,0.211785793,S,0.279062986,0.42794013,-0.083039999,-0.216154337,-0.133114338,52
O,0.246424913,0.361912966,S,0.361555815,0.932229042,-0.115130902,-0.570316076,-0.455185174,52
O,0.313233852,0.395301104,S,0.37865901,0.480414152,-0.065425158,-0.085113048,-0.01968789,52
O,0.277721882,0.462658167,S,0.663048029,1.1314888,-0.385326147,-0.668830633,-0.283504486,52
O,0.329776049,0.747372866,S,0.312069893,0.446894884,0.017706156,0.300477982,0.282771826,52
O,0.345538139,0.461941004,S,0.395482063,1.417390108,-0.049943924,-0.955449104,-0.90550518,52
O,0.262580872,0.997868061,S,0.345277071,0.430474997,-0.082696199,0.567393064,0.650089263,52
O,0.295142889,0.864058018,S,0.528784037,0.429304838,-0.233641148,0.43475318,0.668394328,52
O,0.193773031,1.048198938,S,0.411436081,0.413365841,-0.21766305,0.634833097,0.852496147,52
O,0.413511038,0.512481928,S,0.847748995,2.402945995,-0.434237957,-1.890464067,-1.45622611,52
O,0.7316401,0.796958923,S,0.9133811,0.747611046,-0.181741,0.049347877,0.231088877,53
O,1.953028917,1.114833117,S,0.746844053,4.178663015,1.206184864,-3.063829898,-4.270014762,53
O,1.26671195,0.663008928,S,0.378185987,3.123616934,0.888525963,-2.460608006,-3.349133969,53
O,0.564333916,1.700432062,S,0.579763174,0.696523905,-0.015429258,1.003908157,1.019337415,53
O,1.432889938,2.084097862,S,0.460670948,2.405185938,0.97221899,-0.321088076,-1.293307066,53
O,1.582927942,0.897480965,S,0.529459953,1.93640399,1.053467989,-1.038923025,-2.092391014,53
O,3.859763861,0.579393864,S,0.41196394,0.412149906,3.447799921,0.167243958,-3.280555963,53
O,0.729657173,3.022323132,S,0.646343946,2.905580997,0.083313227,0.116742135,0.033428908,53
O,0.563904047,1.399600029,S,1.164917946,2.53899312,-0.601013899,-1.139393091,-0.538379192,53
O,0.380053043,1.483230114,S,2.052307844,3.074347019,-1.672254801,-1.591116905,0.081137896,53
O,0.262676001,1.563132048,S,1.531864166,1.648520947,-1.269188165,-0.085388899,1.183799266,54
O,0.529709816,0.378588915,S,0.930127859,0.76222682,-0.400418043,-0.383637905,0.016780138,54
O,0.361288786,0.445126057,S,0.276604891,1.383481026,0.084683895,-0.938354969,-1.023038864,54
O,0.278014898,0.24437499,S,1.398118973,1.748891115,-1.120104075,-1.504516125,-0.38441205,54
O,0.195544958,0.210291147,S,1.36456418,0.864528894,-1.169019222,-0.654237747,0.514781475,54
O,0.212572813,0.194269896,S,0.27751708,0.261072159,-0.064944267,-0.066802263,-0.001857996,54
O,0.243580103,0.260987997,S,0.37806201,0.391953945,-0.134481907,-0.130965948,0.003515959,54
O,0.795478106,0.97991991,S,0.177419901,0.212085962,0.618058205,0.767833948,0.149775743,54
O,0.212459087,0.210875988,S,0.194206953,0.379349947,0.018252134,-0.168473959,-0.186726093,54
O,0.195161104,0.177721024,S,0.178107023,0.179079056,0.017054081,-0.001358032,-0.018412113,54
O,1.985087872,0.579341173,S,0.914206982,0.562219858,1.07088089,0.017121315,-1.053759575,
O,1.233350992,0.897097111,S,0.479304075,0.646963835,0.754046917,0.250133276,-0.503913641,
O,0.646350861,0.613173008,S,0.897254944,3.807044029,-0.250904083,-3.193871021,-2.942966938,
O,1.014123917,0.56280303,S,0.344788074,1.38302207,0.669335843,-0.82021904,-1.489554883,
O,0.681340933,0.462414026,S,3.02278018,1.919789076,-2.341439247,-1.45737505,0.884064197,
O,1.433885098,1.181761026,S,0.529095173,0.647171974,0.904789925,0.534589052,-0.370200873,
O,0.781388044,0.813853979,S,0.696542978,1.417207003,0.084845066,-0.603353024,-0.68819809,
O,0.646013021,1.215137005,S,0.679516792,1.099632025,-0.033503771,0.11550498,0.149008751,
O,1.534300089,0.646028042,S,1.482990026,0.562100887,0.051310063,0.083927155,0.032617092,
O,0.429859161,0.378787994,S,1.03144598,1.384437084,-0.601586819,-1.00564909,-0.404062271,
O,0.160454035,0.16090703,S,0.645612955,0.395183086,-0.48515892,-0.234276056,0.250882864,
O,0.160750151,0.177525997,S,0.194262981,0.178739071,-0.03351283,-0.001213074,0.032299756,
O,0.128734827,0.194521904,S,0.193952084,0.211342096,-0.065217257,-0.016820192,0.048397065,
O,0.193861961,0.177381992,S,0.194565058,0.16067791,-0.000703097,0.016704082,0.017407179,
O,0.544718981,0.461748123,S,0.345353127,0.329495907,0.199365854,0.132252216,-0.067113638,
O,0.19572401,0.177214861,S,0.277877092,0.444761038,-0.082153082,-0.267546177,-0.185393095,
O,0.179119825,0.177626133,S,0.595670938,0.344990969,-0.416551113,-0.167364836,0.249186277,
O,0.212353945,0.194191933,S,0.395128965,0.311125994,-0.18277502,-0.116934061,0.065840959,
O,0.160418987,0.160665989,S,1.364434958,0.513552904,-1.204015971,-0.352886915,0.851129056,
O,0.277776957,0.361580849,S,0.277822018,0.396207094,-4.51E-05,-0.034626245,-0.034581184,
O,0.495329142,0.36093998,S,0.545133114,1.533454895,-0.049803972,-1.172514915,-1.122710943,
O,1.080148935,0.813173056,S,1.582207203,0.628270149,-0.502058268,0.184902907,0.686961175,
O,0.796233892,1.498507977,S,0.863120079,1.197499037,-0.066886187,0.30100894,0.367895127,
O,0.896083832,0.443022966,S,0.545580149,0.795222998,0.350503683,-0.352200032,-0.702703715,
O,0.361126184,0.745835066,S,0.444772005,0.429737806,-0.083645821,0.31609726,0.399743081,
O,1.616928101,0.963201046,S,0.327961922,0.578593969,1.288966179,0.384607077,-0.904359102,
O,0.328044176,0.478349209,S,0.729762077,1.231872082,-0.401717901,-0.753522873,-0.351804972,
O,1.816710949,0.979761839,S,1.163792133,0.46149087,0.652918816,0.518270969,-0.134647847,
O,0.412733078,0.612390995,S,0.394773006,0.31248188,0.017960072,0.299909115,0.281949043,
O,0.713952065,0.528247118,S,1.280578852,0.444751978,-0.566626787,0.08349514,0.650121927,
O,0.64614296,0.562926054,S,0.578107119,0.681362152,0.068035841,-0.118436098,-0.186471939,
O,2.035537958,0.412389994,S,0.478821993,0.447036028,1.556715965,-0.034646034,-1.591361999,
O,0.846769094,0.546140194,S,0.545674086,0.882331133,0.301095008,-0.336190939,-0.637285947,
O,0.262917042,0.64615202,S,0.429051161,0.597373962,-0.166134119,0.048778058,0.214912177,
O,0.747995138,0.344861031,S,0.595817089,1.030912876,0.152178049,-0.686051845,-0.838229894,
O,1.81775403,0.512328148,S,0.44562006,0.478697062,1.37213397,0.033631086,-1.338502884,
O,0.865447044,0.62937808,S,0.829932928,0.46181798,0.035514116,0.1675601,0.132045984,
O,0.546895027,0.412070036,S,0.227484226,1.316092014,0.319410801,-0.904021978,-1.223432779,
O,0.68146801,0.629776955,S,0.52906394,0.681464911,0.15240407,-0.051687956,-0.204092026,
O,0.547008991,0.345659971,S,0.495785952,0.546896935,0.051223039,-0.201236964,-0.252460003,
O,0.56252718,0.628582001,S,0.578361988,0.731116056,-0.015834808,-0.102534055,-0.086699247,
O,0.362332106,0.428848982,S,0.378479958,0.446249962,-0.016147852,-0.01740098,-0.001253128,
O,0.496446848,0.445003033,S,0.394202948,0.480209112,0.1022439,-0.035206079,-0.137449979,
O,0.379343987,0.428526163,S,0.411242008,0.528789997,-0.031898021,-0.100263834,-0.068365813,
O,0.429512024,0.545687199,S,0.395187855,1.182224035,0.034324169,-0.636536836,-0.670861005,
O,0.312819004,0.395226955,S,0.61179781,0.895979166,-0.298978806,-0.500752211,-0.201773405,
O,0.496781111,0.544993877,S,0.361458063,0.463106155,0.135323048,0.081887722,-0.053435326,
O,0.461447001,0.411946058,S,0.344211817,0.411936045,0.117235184,1.00E-05,-0.117225171,
O,0.628958941,0.461282969,S,0.227428198,0.696233988,0.401530743,-0.234951019,-0.636481762,
O,0.545727968,0.595458031,S,0.495479822,0.64238596,0.050248146,-0.046927929,-0.097176075,
O,0.61390996,0.411381006,S,0.47834301,0.764275074,0.13556695,-0.352894068,-0.488461018,
O,0.59732008,0.37740016,S,0.545067072,0.496273041,0.052253008,-0.118872881,-0.171125889,
O,0.848003149,0.444419861,S,0.645455122,2.033128977,0.202548027,-1.588709116,-1.791257143,
O,0.579930067,0.461879969,S,0.344598055,0.796417952,0.235332012,-0.334537983,-0.569869995,
O,1.932994127,0.494848013,S,0.645200014,0.479862928,1.287794113,0.014985085,-1.272809028,
O,0.72931695,0.461189985,S,0.328103781,0.446834803,0.401213169,0.014355182,-0.386857987,
O,1.348576069,0.678625822,S,0.327562094,0.646997929,1.021013975,0.031627893,-0.989386082,
O,0.712774038,0.444811106,S,0.427961111,0.446649075,0.284812927,-0.001837969,-0.286650896,
O,0.412945032,1.125804901,S,0.511713028,0.778861046,-0.098767996,0.346943855,0.445711851,
O,0.697515011,0.310940027,S,0.478784084,0.344152927,0.218730927,-0.0332129,-0.251943827,
O,1.76919508,0.679354191,S,0.445219994,0.612358809,1.323975086,0.066995382,-1.256979704,
O,0.880909204,0.914400101,S,0.629523993,0.748301983,0.251385211,0.166098118,-0.085287093,
O,0.29480505,0.412414789,S,1.227885008,3.743907928,-0.933079958,-3.331493139,-2.398413181,
O,0.379350185,0.596607924,S,0.378255844,0.529580832,0.001094341,0.067027092,0.065932751,
O,0.480173111,0.429181099,S,0.646345854,0.44649601,-0.166172743,-0.017314911,0.148857832,
O,0.378555059,0.328523874,S,0.277981043,1.18244195,0.100574016,-0.853918076,-0.954492092,
O,0.262573004,0.546090841,S,0.20053196,0.631234884,0.062041044,-0.085144043,-0.147185087,
O,0.478856087,0.328279018,S,0.312052965,0.562458992,0.166803122,-0.234179974,-0.400983096,
O,0.379471779,0.345495939,S,0.428318977,0.798625946,-0.048847198,-0.453130007,-0.404282809,
O,0.547551155,0.512085915,S,0.378972054,0.429805994,0.168579101,0.082279921,-0.08629918,
O,2.033312082,0.76315999,S,0.528903008,1.148509979,1.504409074,-0.385349989,-1.889759063,
O,0.396649837,0.495040178,S,4.640114069,3.590646982,-4.243464232,-3.095606804,1.147857428,
O,0.831292152,1.398056984,S,0.846299887,1.917771101,-0.015007735,-0.519714117,-0.504706382,
O,0.446758032,0.344671965,S,0.946984053,2.352340937,-0.500226021,-2.007668972,-1.507442951,
O,0.612314939,0.845947027,S,0.579059839,1.91685915,0.0332551,-1.070912123,-1.104167223,
O,0.396071196,1.047023058,S,1.113950014,1.182025194,-0.717878818,-0.135002136,0.582876682,
O,0.546576023,0.445198059,S,0.375767946,1.215652943,0.170808077,-0.770454884,-0.941262961,
O,0.413053989,0.561946869,S,0.495460987,1.531064987,-0.082406998,-0.969118118,-0.88671112,
O,1.264130116,1.515902996,S,1.113795996,1.213915825,0.15033412,0.301987171,0.151653051,
O,0.345104218,0.445375919,S,0.361130953,1.515399218,-0.016026735,-1.070023299,-1.053996564,
O,0.446611881,0.361701965,S,0.696037054,0.847641945,-0.249425173,-0.48593998,-0.236514807,
O,0.395030022,0.378422022,S,0.694379091,0.762486935,-0.299349069,-0.384064913,-0.084715844,
O,0.528083086,0.378206015,S,0.394631863,0.411911011,0.133451223,-0.033704996,-0.167156219,
O,0.512984991,0.562678099,S,0.561676979,0.480466127,-0.048691988,0.082211972,0.13090396,
O,0.394718885,0.478707075,S,0.545439005,0.478312969,-0.15072012,0.000394106,0.151114226,
O,0.461439133,0.34493804,S,0.328629017,0.37836504,0.132810116,-0.033427,-0.166237116,
O,0.463081837,0.345062017,S,0.327767134,0.513602972,0.135314703,-0.168540955,-0.303855658,
O,0.429357052,0.395064116,S,1.012766123,0.42911911,-0.583409071,-0.034054994,0.549354077,
O,0.395107031,0.561745882,S,0.294766903,0.346075058,0.100340128,0.215670824,0.115330696,
O,0.69659996,0.39466691,S,0.294458866,0.310958862,0.402141094,0.083708048,-0.318433046,
O,0.495109081,0.729259968,S,1.080378056,0.730807066,-0.585268975,-0.001547098,0.583721877,
O,0.546552897,0.512137175,S,0.51028204,4.190089226,0.036270857,-3.677952051,-3.714222908,
O,0.712468147,0.611979008,S,1.699736118,0.846323013,-0.987267971,-0.234344005,0.752923966,
O,0.914848089,0.678651094,S,0.712651968,4.441763163,0.202196121,-3.763112069,-3.96530819,
O,0.663516998,0.628769159,S,0.678976059,1.18019104,-0.015459061,-0.551421881,-0.53596282,
O,0.712877035,0.829437971,S,0.645751953,0.395941019,0.067125082,0.433496952,0.36637187,
O,0.429327011,0.561873198,S,0.495215893,0.613798141,-0.065888882,-0.051924943,0.013963939,
O,0.463606834,0.394906998,S,0.762812138,2.200310946,-0.299205304,-1.805403948,-1.506198644,
O,0.729604006,0.779387951,S,0.393936872,0.663064003,0.335667134,0.116323948,-0.219343186,
O,0.52798605,0.478767157,S,1.04706502,0.462245941,-0.51907897,0.016521216,0.535600186,
O,0.64693284,0.645699024,S,0.44423604,1.682691097,0.2026968,-1.036992073,-1.239688873,
O,0.596118927,0.494995832,S,0.795926094,0.596390963,-0.199807167,-0.101395131,0.098412036,
O,1.248997211,2.167186975,S,0.49463582,2.084961176,0.754361391,0.082225799,-0.672135592,
O,2.78580904,0.410917044,S,0.445100069,0.512076855,2.340708971,-0.101159811,-2.441868782,
O,0.412996054,0.996012926,S,0.378574848,0.680313826,0.034421206,0.3156991,0.281277894,
O,0.496699095,0.478322983,S,0.394716978,0.747981071,0.101982117,-0.269658088,-0.371640205,
O,0.513120174,0.763838053,S,0.395231962,0.59680295,0.117888212,0.167035103,0.049146891,
O,0.361198187,0.545578003,S,0.344464064,0.394078016,0.016734123,0.151499987,0.134765864,
O,1.949345112,0.528443098,S,0.395038128,0.578670025,1.554306984,-0.050226927,-1.604533911,
O,0.529750109,0.545831919,S,0.511574984,0.546922922,0.018175125,-0.001091003,-0.019266128,
O,0.914501905,0.561536789,S,1.13049078,0.896557093,-0.215988875,-0.335020304,-0.119031429,
O,1.765750885,0.561976194,S,0.512662172,0.494475126,1.253088713,0.067501068,-1.185587645,
O,0.511153936,0.545600176,S,0.762217999,0.628874063,-0.251064063,-0.083273887,0.167790176,
O,0.613253117,0.527974129,S,0.378206015,0.52976799,0.235047102,-0.001793861,-0.236840963,
O,1.297827959,0.562062025,S,0.52828002,1.182259083,0.769547939,-0.620197058,-1.389744997,
O,1.581721783,0.528905869,S,0.846142054,0.579236984,0.735579729,-0.050331115,-0.785910844,
O,0.764279127,0.528506994,S,0.646172047,0.66363287,0.11810708,-0.135125876,-0.253232956,
O,0.79618907,0.444771051,S,0.363132,0.578897953,0.43305707,-0.134126902,-0.567183972,
O,0.328309059,0.344346046,S,0.612218857,1.548471928,-0.283909798,-1.204125882,-0.920216084,
O,0.546540976,0.512144804,S,0.54519105,0.579433918,0.001349926,-0.067289114,-0.06863904,
O,0.561944962,0.361477852,S,0.67968297,0.747661114,-0.117738008,-0.386183262,-0.268445254,
O,0.613550901,0.679371834,S,0.478683949,2.751880884,0.134866952,-2.07250905,-2.207376002,
O,0.413135052,0.345114946,S,0.25970006,0.362954855,0.153434992,-0.017839909,-0.171274901,
O,1.349559069,0.578395844,S,1.833169937,0.996884823,-0.483610868,-0.418488979,0.065121889,
O,1.113976955,0.511687994,S,0.461794138,1.248676062,0.652182817,-0.736988068,-1.389170885,
O,0.51199317,0.377987862,S,0.578655005,0.96340394,-0.066661835,-0.585416078,-0.518754243,
O,0.530185938,0.679145098,S,0.57924509,2.70186615,-0.049059152,-2.022721052,-1.9736619,
O,0.446425915,0.461461067,S,0.428929091,0.663301945,0.017496824,-0.201840878,-0.219337702,
O,0.596428156,3.153367043,S,2.267418861,0.964432001,-1.670990705,2.188935042,3.859925747,
O,0.294269085,0.462197065,S,1.481027126,3.957452059,-1.186758041,-3.495254994,-2.308496953,
O,3.455832005,0.578470945,S,0.428164959,0.813287973,3.027667046,-0.234817028,-3.262484074,
O,3.941148996,0.411510944,S,0.327861071,0.328212976,3.613287925,0.083297968,-3.529989957,
O,0.914988995,0.762356043,S,0.377865076,0.580261946,0.537123919,0.182094097,-0.355029822,
O,0.412770033,0.629034042,S,0.495266914,3.249625206,-0.082496881,-2.620591164,-2.538094283,
O,0.345097065,0.428336859,S,0.960393906,0.396354198,-0.615296841,0.031982661,0.647279502,
O,0.461649179,1.247354031,S,0.444278002,0.847403049,0.017371177,0.399950982,0.382579805,
O,0.496405125,0.528712988,S,0.34474802,0.379373789,0.151657105,0.149339199,-0.002317906,
O,0.444928169,0.361262798,S,0.578723907,3.5061481,-0.133795738,-3.144885302,-3.011089564,
O,0.964334011,3.989622116,S,0.294883013,0.678713083,0.669450998,3.310909033,2.641458035,
O,0.846581936,0.44543004,S,0.394956112,0.964691162,0.451625824,-0.519261122,-0.970886946,
O,1.782544851,0.59540391,S,0.846326113,0.696333885,0.936218738,-0.100929975,-1.037148713,
O,1.917619944,0.595417976,S,1.097302914,0.863290071,0.82031703,-0.267872095,-1.088189125,
O,0.64390707,0.579240084,S,0.578470945,0.345578909,0.065436125,0.233661175,0.16822505,
O,0.411359072,0.395205021,S,0.46201992,0.830832958,-0.050660848,-0.435627937,-0.384967089,
O,0.828521013,1.24729991,S,0.461899042,0.878183842,0.366621971,0.369116068,0.002494097,
O,1.232450962,0.395302057,S,0.411155939,0.931259155,0.821295023,-0.535957098,-1.357252121,
O,0.361807108,0.411368132,S,0.328125,0.379703999,0.033682108,0.031664133,-0.002017975,
O,0.412343979,0.727492094,S,0.278126001,0.294486046,0.134217978,0.433006048,0.29878807,
O,0.478507996,0.929785967,S,0.34483695,1.630689144,0.133671046,-0.700903177,-0.834574223,
O,0.680394173,0.412099123,S,0.32784605,1.282236815,0.352548123,-0.870137692,-1.222685815,
O,1.633111954,0.678700924,S,0.946598053,0.813004971,0.686513901,-0.134304047,-0.820817948,
O,0.697643042,1.699157,S,0.62906599,2.469216108,0.068577052,-0.770059108,-0.83863616,
O,0.745715857,0.495077848,S,0.628893852,1.47974515,0.116822005,-0.984667302,-1.101489307,
O,1.282438993,0.595802069,S,0.796475172,1.028618097,0.485963821,-0.432816028,-0.918779849,
O,0.677311182,0.478487968,S,0.997102022,0.830193043,-0.31979084,-0.351705075,-0.031914235,
O,1.531677961,0.711798906,S,0.578530073,0.613940954,0.953147888,0.097857952,-0.855289936,
O,0.744323015,0.562479973,S,0.578882933,0.678920031,0.165440082,-0.116440058,-0.28188014,
O,0.696666956,0.645629883,S,0.478486061,0.612000942,0.218180895,0.033628941,-0.184551954,
O,1.197521925,0.545018196,S,10.34302783,0.546480894,-9.145505905,-0.001462698,9.144043207,
O,0.797066212,0.512065887,S,0.863806963,0.712523937,-0.066740751,-0.20045805,-0.133717299,
O,0.363559961,0.344965935,S,0.495275021,1.583390951,-0.13171506,-1.238425016,-1.106709956,
O,0.915791988,0.529594898,S,1.567153931,1.081166029,-0.651361943,-0.551571131,0.099790812,
O,0.529907942,0.428421021,S,0.227903843,0.999304056,0.302004099,-0.570883035,-0.872887134,
O,0.361922026,0.79664278,S,0.428973913,1.399124861,-0.067051887,-0.602482081,-0.535430194,
O,0.563918114,0.495388031,S,3.658459902,0.698071957,-3.094541788,-0.202683926,2.891857862,
O,0.563164949,0.445183039,S,0.429265976,1.248790026,0.133898973,-0.803606987,-0.93750596,
O,2.070052862,0.462668896,S,0.428836107,0.714817047,1.641216755,-0.252148151,-1.893364906,
O,1.215435982,0.713680983,S,0.478980064,0.746330976,0.736455918,-0.032649993,-0.769105911,
O,0.345300913,0.462082863,S,2.670943975,2.50518012,-2.325643062,-2.043097257,0.282545805,
O,0.579364061,0.377737999,S,0.328135014,5.148202181,0.251229047,-4.770464182,-5.021693229,
O,0.681603909,0.478813171,S,0.763268948,0.545961142,-0.081665039,-0.067147971,0.014517068,
O,1.131454945,1.516630888,S,0.579127073,0.71489501,0.552327872,0.801735878,0.249408006,
O,1.032621145,1.265186071,S,0.545732021,0.430116892,0.486889124,0.835069179,0.348180055,
O,0.363013029,0.42967701,S,0.429013968,0.545653105,-0.066000939,-0.115976095,-0.049975156,
O,0.39500308,0.444902897,S,0.529481888,0.832058907,-0.134478808,-0.38715601,-0.252677202,
O,1.215134144,1.098371029,S,0.428405046,0.37946105,0.786729098,0.718909979,-0.067819119,
O,6.756402016,0.46222496,S,0.713361979,2.253026962,6.043040037,-1.790802002,-7.833842039,
O,0.396481037,0.311279058,S,0.997860909,1.133111954,-0.601379872,-0.821832896,-0.220453024,
O,0.444869041,0.529366016,S,0.628953934,0.629923105,-0.184084893,-0.100557089,0.083527804,
O,0.39704299,0.395305157,S,0.378366947,0.396695852,0.018676043,-0.001390695,-0.020066738,
O,0.463454962,0.59531498,S,0.394876003,0.39419198,0.068578959,0.201123,0.132544041,
O,0.49703002,0.411339998,S,0.37856102,0.881030083,0.118469,-0.469690085,-0.588159085,
O,1.734241009,0.444846869,S,0.595990896,3.90745306,1.138250113,-3.462606191,-4.600856304,
O,0.596792936,0.656903028,S,0.830503941,6.162553072,-0.233711005,-5.505650044,-5.271939039,
O,0.612202883,0.527808905,S,0.494888067,4.057559967,0.117314816,-3.529751062,-3.647065878,
O,0.72905302,0.428546906,S,0.728756905,0.996448994,0.000296115,-0.567902088,-0.568198203,
O,1.030092955,0.529108047,S,0.377906799,0.345243931,0.652186156,0.183864116,-0.46832204,
O,0.545539141,0.37805891,S,0.762595177,1.950942993,-0.217056036,-1.572884083,-1.355828047,
O,0.478631973,0.428169012,S,0.327891827,0.544960976,0.150740146,-0.116791964,-0.26753211,
O,0.746532917,0.629119158,S,0.41155982,0.394798994,0.334973097,0.234320164,-0.100652933,
O,0.729015112,0.629352093,S,0.478956938,0.81278491,0.250058174,-0.183432817,-0.433490991,
O,0.46206212,0.61221385,S,0.478525162,0.613950968,-0.016463042,-0.001737118,0.014725924,
O,0.412977934,0.511973143,S,0.679337978,4.374953985,-0.266360044,-3.862980842,-3.596620798,
O,0.76287508,0.779215097,S,0.427641153,1.698858023,0.335233927,-0.919642926,-1.254876853,
O,0.54538703,0.478672028,S,0.45717597,0.880125999,0.08821106,-0.401453971,-0.489665031,
O,0.345956087,0.545462847,S,0.662251949,0.795679808,-0.316295862,-0.250216961,0.066078901,
O,0.395743847,0.512260199,S,0.812619209,1.297827959,-0.416875362,-0.78556776,-0.368692398,
O,0.462120056,0.428102016,S,0.444890022,1.197670937,0.017230034,-0.769568921,-0.786798955,
O,0.49495697,0.874972105,S,0.444436073,2.034471989,0.050520897,-1.159499884,-1.210020781,
O,0.496288061,1.113877058,S,0.411530018,0.629317045,0.084758043,0.484560013,0.39980197,
O,0.445183039,0.440425873,S,0.512240887,0.662339926,-0.067057848,-0.221914053,-0.154856205,
O,0.478821993,1.414772034,S,0.779454947,0.444643021,-0.300632954,0.970129013,1.270761967,
O,0.896435976,0.696336985,S,0.528437853,6.764174938,0.367998123,-6.067837953,-6.435836076,
O,3.220121861,0.695911884,S,0.378718853,0.444772959,2.841403008,0.251138925,-2.590264083,
O,0.379637957,0.394808054,S,0.829353094,1.600454092,-0.449715137,-1.205646038,-0.755930901,
O,8.655053139,1.331432104,S,0.762215137,0.527827024,7.892838002,0.80360508,-7.089232922,
O,0.745738029,0.495404005,S,0.562506199,0.996650934,0.18323183,-0.501246929,-0.684478759,
O,2.50097394,1.214128017,S,0.528802156,0.429154873,1.972171784,0.784973144,-1.18719864,
O,0.729748964,2.066592216,S,0.545620203,0.562749863,0.184128761,1.503842353,1.319713592,
O,0.747195005,0.996326208,S,0.628697157,0.662523031,0.118497848,0.333803177,0.215305329,
O,0.779252052,0.61235404,S,1.164044857,1.26542592,-0.384792805,-0.65307188,-0.268279075,
O,0.496302128,0.428384066,S,2.919669151,0.747485876,-2.423367023,-0.31910181,2.104265213,
O,0.763716936,0.395051956,S,0.780081034,0.730634928,-0.016364098,-0.335582972,-0.319218874,
O,0.814391136,0.495465994,S,0.428200006,0.378102064,0.38619113,0.11736393,-0.2688272,
O,0.578562021,0.462000132,S,8.904923201,0.847671032,-8.32636118,-0.3856709,7.94069028,
O,1.048128843,0.428224087,S,0.528239012,0.81278801,0.519889831,-0.384563923,-0.904453754,
O,0.82969594,0.796050072,S,0.360712051,0.395531893,0.468983889,0.400518179,-0.06846571,
O,1.347959042,0.94658494,S,0.460855007,2.068568945,0.887104035,-1.121984005,-2.00908804,
O,0.513674021,0.946142912,S,0.89615798,0.528686047,-0.382483959,0.417456865,0.799940824,
O,0.529692888,0.395275831,S,0.545668125,0.759329081,-0.015975237,-0.36405325,-0.348078013,
O,0.495672941,0.244755983,S,0.278149843,0.210431099,0.217523098,0.034324884,-0.183198214,
O,0.162102938,0.144422054,S,0.227882147,1.062743187,-0.065779209,-0.918321133,-0.852541924,
O,0.12754488,0.178000927,S,0.343641996,0.446943045,-0.216097116,-0.268942118,-0.052845002,
O,0.193675995,0.211308002,S,0.32792902,0.427955866,-0.134253025,-0.216647864,-0.082394839,
O,0.613414049,0.512319088,S,0.378442049,0.29621315,0.234972,0.216105938,-0.018866062,
O,0.777747869,0.260988951,S,0.194826126,0.346421003,0.582921743,-0.085432052,-0.668353795,
O,0.177819014,0.762787104,S,0.194826126,0.244853973,-0.017007112,0.517933131,0.534940243,
O,0.594717026,0.461264849,S,0.261587858,0.259921074,0.333129168,0.201343775,-0.131785393,
O,0.195691109,0.377654076,S,0.227766037,0.191947937,-0.032074928,0.185706139,0.217781067,
O,0.295869112,0.394934177,S,0.829574108,0.327648878,-0.533704996,0.067285299,0.600990295,
O,0.530328989,0.511893988,S,0.411903858,0.411448956,0.118425131,0.100445032,-0.017980099,
O,0.329408169,0.377996922,S,0.41159296,0.463401079,-0.082184791,-0.085404157,-0.003219366,
O,0.345060825,0.344985008,S,0.394917965,0.395344019,-0.04985714,-0.050359011,-0.000501871,
O,0.344374895,0.428297043,S,0.444784164,0.463481903,-0.100409269,-0.03518486,0.065224409,
O,0.495972872,0.545814037,S,0.294768095,0.446193933,0.201204777,0.099620104,-0.101584673,
O,0.429774046,0.494812965,S,0.394649029,0.394784927,0.035125017,0.100028038,0.064903021,
O,0.395628929,0.444534063,S,0.378174067,1.33239007,0.017454862,-0.887856007,-0.905310869,
O,0.362504005,0.394959927,S,0.375492096,0.379168034,-0.012988091,0.015791893,0.028779984,
O,0.528593063,0.461148024,S,0.37847805,0.345782995,0.150115013,0.115365029,-0.034749984,
O,0.46160984,0.695606947,S,0.494807005,1.147487879,-0.033197165,-0.451880932,-0.418683767,
O,0.311322212,0.428668022,S,0.37790513,0.411727905,-0.066582918,0.016940117,0.083523035,
O,0.44628191,0.445351124,S,0.495780945,0.429965973,-0.049499035,0.015385151,0.064884186,
O,0.747431993,1.247692823,S,0.378160954,0.84623313,0.369271039,0.401459693,0.032188654,
O,0.692970991,0.478457928,S,0.411540985,0.329154968,0.281430006,0.14930296,-0.132127046,
O,0.695638895,0.311016083,S,0.311378956,0.36311698,0.384259939,-0.052100897,-0.436360836,
O,0.630614042,0.529056072,S,0.344861984,2.034940958,0.285752058,-1.505884886,-1.791636944,
O,2.836034775,0.328029871,S,1.298049927,0.412973881,1.537984848,-0.08494401,-1.622928858,
O,0.545559883,0.445063114,S,0.593834877,0.612809896,-0.048274994,-0.167746782,-0.119471788,
O,0.329595089,0.71268487,S,0.562212944,2.768891096,-0.232617855,-2.056206226,-1.823588371,
O,0.881455898,0.42798996,S,0.378421068,0.412825108,0.50303483,0.015164852,-0.487869978,
O,0.779999018,0.797106981,S,0.528655052,0.631186962,0.251343966,0.165920019,-0.085423947,
O,2.688549995,0.629080057,S,0.495599985,0.647858858,2.19295001,-0.018778801,-2.211728811,
O,2.770673037,2.119061947,S,0.512597084,1.616736889,2.258075953,0.502325058,-1.755750895,
O,0.396687984,1.047986031,S,0.595825911,0.511957884,-0.199137927,0.536028147,0.735166074,
O,0.495683908,0.428785086,S,1.515986919,0.513914108,-1.020303011,-0.085129022,0.935173989,
O,0.458863974,0.479140043,S,0.780038118,0.462745905,-0.321174144,0.016394138,0.337568282,
O,0.396424055,0.378654957,S,0.344985962,0.361505985,0.051438093,0.017148972,-0.034289121,
O,0.395789146,0.41208601,S,0.529345989,0.562427998,-0.133556843,-0.150341988,-0.016785145,
O,0.396293879,0.930526018,S,0.613068819,1.751236916,-0.21677494,-0.820710898,-0.603935958,
O,0.378679037,0.997792959,S,0.613076925,1.415899992,-0.234397888,-0.418107033,-0.183709145,
O,0.545418024,0.679106951,S,1.030932903,1.514817953,-0.485514879,-0.835711002,-0.350196123,
O,0.494792938,0.378871918,S,0.494922876,0.496920109,-0.000129938,-0.118048191,-0.117918253,
O,2.820895195,1.313685179,S,0.545608044,1.214106083,2.275287151,0.099579096,-2.175708055,
O,0.66379118,0.929535151,S,0.997002125,0.596004963,-0.333210945,0.333530188,0.666741133,
O,0.645395041,0.612287998,S,0.745985985,0.847748995,-0.100590944,-0.235460997,-0.134870053,
O,0.595537901,0.56242919,S,0.72961092,2.904288769,-0.134073019,-2.341859579,-2.20778656,
O,0.597187996,0.812733889,S,0.496110201,0.695650816,0.101077795,0.117083073,0.016005278,
O,1.665403128,1.147428989,S,0.494863987,0.596868992,1.170539141,0.550559997,-0.619979144,
O,0.730761051,0.829488039,S,0.378530025,0.477658033,0.352231026,0.351830006,-0.00040102,
O,0.528702021,0.52869606,S,0.696125984,0.94639492,-0.167423963,-0.41769886,-0.250274897,
O,0.495275974,0.545753956,S,0.562186956,0.879913092,-0.066910982,-0.334159136,-0.267248154,
O,0.630368948,0.512132883,S,0.629166842,0.544739962,0.001202106,-0.032607079,-0.033809185,
O,0.329591036,0.428149939,S,0.578722,0.764288902,-0.249130964,-0.336138963,-0.087007999,
O,0.463493824,0.796004057,S,0.328180075,0.578464985,0.135313749,0.217539072,0.082225323,
O,0.544816971,0.514191151,S,0.261176109,0.730658054,0.283640862,-0.216466903,-0.500107765,
O,0.329103947,0.377995968,S,1.630892992,0.363168001,-1.301789045,0.014827967,1.316617012,
O,0.446480989,0.578680992,S,1.080232859,2.752421856,-0.63375187,-2.173740864,-1.539988994,
O,0.310977936,0.378513813,S,0.56208992,0.764656067,-0.251111984,-0.386142254,-0.13503027,
O,0.528249979,0.579190016,S,0.411211967,0.396898031,0.117038012,0.182291985,0.065253973,
O,0.479824066,0.562416077,S,0.37826395,0.461989164,0.101560116,0.100426913,-0.001133203,
O,3.019472122,3.371046066,S,1.297999144,0.929655075,1.721472978,2.441390991,0.719918013,
O,1.148501873,0.879776001,S,1.080451012,1.616678,0.068050861,-0.736901999,-0.80495286,
O,1.364617109,0.561918974,S,0.394699097,1.280762911,0.969918012,-0.718843937,-1.688761949,
O,0.544775009,0.512363911,S,0.511870146,0.49546504,0.032904863,0.016898871,-0.016005992,
O,0.478341103,1.047102928,S,0.579511881,1.246585846,-0.101170778,-0.199482918,-0.09831214,
O,0.647322893,1.44755578,S,0.562519073,0.728844881,0.08480382,0.718710899,0.633907079,
O,0.463171005,0.795593977,S,0.629332066,0.612365961,-0.166161061,0.183228016,0.349389077,
O,0.544920921,0.946480036,S,0.444844961,0.596754074,0.10007596,0.349725962,0.249650002,
O,1.583148956,1.097064018,S,2.250305176,0.747784138,-0.66715622,0.34927988,1.0164361,
O,1.815510988,1.214278936,S,0.561764956,0.848011017,1.253746032,0.366267919,-0.887478113,
O,0.562530041,1.531454086,S,0.42818594,0.411980867,0.134344101,1.119473219,0.985129118,
O,1.097033024,3.671633005,S,1.080873013,0.611583948,0.016160011,3.060049057,3.043889046,
O,1.380960941,0.462173223,S,0.846724987,2.350659847,0.534235954,-1.888486624,-2.422722578,
O,0.544906855,0.562347889,S,0.478041887,0.430217028,0.066864968,0.132130861,0.065265893,
O,0.914642096,0.746323824,S,0.562752008,0.713932991,0.351890088,0.032390833,-0.319499255,
O,1.065001965,0.495434999,S,0.428036928,0.595385075,0.636965037,-0.099950076,-0.736915113,
O,0.579041004,0.478429079,S,0.545325041,0.547006845,0.033715963,-0.068577766,-0.102293729,
O,0.462785006,0.445297956,S,0.495455027,0.879655123,-0.032670021,-0.434357167,-0.401687146,
O,0.629878998,0.52913785,S,0.411779881,0.413081169,0.218099117,0.116056681,-0.102042436,
O,0.512461901,0.662266016,S,0.496034145,0.679084063,0.016427756,-0.016818047,-0.033245803,
O,0.329596996,0.511933088,S,1.548949003,0.463088989,-1.219352007,0.048844099,1.268196106,
O,0.478466988,0.578510046,S,1.832985878,0.778743029,-1.35451889,-0.200232983,1.154285907,
O,0.612068892,0.66209507,S,0.460432053,0.563422918,0.151636839,0.098672152,-0.052964687,
O,0.480245113,0.461790085,S,0.36153388,0.31089592,0.118711233,0.150894165,0.032182932,
O,0.779020071,0.562478065,S,0.428723097,0.78085804,0.350296974,-0.218379975,-0.568676949,
O,0.446475983,0.394933939,S,0.361541986,0.363001823,0.084933997,0.031932116,-0.053001881,
O,0.595118046,0.595461845,S,0.562299967,0.42957592,0.032818079,0.165885925,0.133067846,
O,0.463406801,0.52876997,S,0.52875495,0.511987925,-0.065348149,0.016782045,0.082130194,
O,0.530009985,0.462193012,S,0.713135004,0.4798069,-0.183125019,-0.017613888,0.165511131,
O,0.34642601,0.36143899,S,0.557811975,0.495409012,-0.211385965,-0.133970022,0.077415943,
O,0.513219118,0.679473877,S,0.462615013,0.59561801,0.050604105,0.083855867,0.033251762,
O,0.545106173,0.545545101,S,0.362169981,1.91775012,0.182936192,-1.372205019,-1.555141211,
O,0.780633926,0.528223991,S,0.477830887,0.564301968,0.302803039,-0.036077977,-0.338881016,
O,0.981449842,0.545635939,S,0.394435883,0.697773933,0.587013959,-0.152137994,-0.739151953,
O,0.679745913,1.314751863,S,0.328475952,0.579201937,0.351269961,0.735549926,0.384279965,
O,0.396012068,0.5286901,S,1.464654922,0.778896093,-1.068642854,-0.250205993,0.818436861,
O,0.695948839,0.495031118,S,0.51163888,0.413040161,0.184309959,0.081990957,-0.102319002,
O,0.578495026,0.462138176,S,0.428327084,0.446051836,0.150167942,0.01608634,-0.134081602,
O,0.51273489,0.478495121,S,0.528552771,0.361823797,-0.015817881,0.116671324,0.132489205,
O,1.397324085,0.49472785,S,0.595244169,0.578765869,0.802079916,-0.084038019,-0.886117935,
O,1.095688105,0.659865141,S,0.678568125,0.747433186,0.41711998,-0.087568045,-0.504688025,
O,1.548933983,0.49506712,S,0.628829002,0.828243017,0.920104981,-0.333175897,-1.253280878,
O,0.479789972,0.679219007,S,1.113822937,0.595574856,-0.634032965,0.083644151,0.717677116,
O,0.831013918,0.796154976,S,0.428174019,0.396131992,0.402839899,0.400022984,-0.002816915,
O,0.628908873,0.72956109,S,0.846077919,1.399230003,-0.217169046,-0.669668913,-0.452499867,
O,3.121352911,0.862904072,S,1.198045969,0.980308056,1.923306942,-0.117403984,-2.040710926,
O,1.046867847,0.712536097,S,0.862901926,0.712710857,0.183965921,-0.00017476,-0.184140681,
O,0.495831966,0.529157877,S,0.578318834,0.428531885,-0.082486868,0.100625992,0.18311286,
O,0.978288889,0.494897842,S,0.461731911,0.413109779,0.516556978,0.081788063,-0.434768915,
O,0.311685085,0.427935123,S,0.444566011,2.014714003,-0.132880926,-1.58677888,-1.453897954,
O,0.394636869,0.67957902,S,0.361027956,0.579803944,0.033608913,0.099775076,0.066166163,
O,0.480033875,0.444619179,S,0.395185947,0.428345203,0.084847928,0.016273976,-0.068573952,
O,0.379611969,0.44306016,S,0.545127153,0.446820021,-0.165515184,-0.003759861,0.161755323,
O,0.279201984,0.511438131,S,0.545482159,0.379387856,-0.266280175,0.132050275,0.39833045,
O,0.478309155,0.545405865,S,0.377887964,0.344687939,0.100421191,0.200717926,0.100296735,
O,0.729094982,0.194431067,S,0.79635191,0.51227808,-0.067256928,-0.317847013,-0.250590085,
O,0.462054014,0.963522911,S,0.378467083,0.645637035,0.083586931,0.317885876,0.234298945,
O,0.396417856,0.561573982,S,0.361059189,0.663581848,0.035358667,-0.102007866,-0.137366533,
O,0.428061962,0.528652906,S,0.36191082,0.445193052,0.066151142,0.083459854,0.017308712,
O,0.327477932,0.344193935,S,0.41140008,0.344619989,-0.083922148,-0.000426054,0.083496094,
O,0.964465857,0.478085995,S,0.796715021,0.42798996,0.167750836,0.050096035,-0.117654801,
O,0.662861109,0.729219913,S,0.913832188,0.93016696,-0.250971079,-0.200947047,0.050024032,
O,1.097844839,0.795991182,S,1.41463995,0.911720037,-0.316795111,-0.115728855,0.201066256,
O,0.596498013,0.646174908,S,1.180901051,0.712634087,-0.584403038,-0.066459179,0.517943859,
O,0.779499054,1.63164115,S,0.562367916,0.59394908,0.217131138,1.03769207,0.820560932,
O,1.012090921,0.545264006,S,0.428215027,0.512776852,0.583875894,0.032487154,-0.55138874,
O,0.411766052,0.478501081,S,0.71231699,0.664335012,-0.300550938,-0.185833931,0.114717007,
O,0.47872591,0.177329063,S,0.344467163,0.079030991,0.134258747,0.098298072,-0.035960675,
O,0.780636787,0.662984848,S,0.662271023,0.746196985,0.118365764,-0.083212137,-0.201577901,
O,0.627575874,0.545202971,S,1.06339407,0.496781111,-0.435818196,0.04842186,0.484240056,
O,0.462153912,0.445091963,S,1.565613031,1.478648901,-1.103459119,-1.033556938,0.069902181,
O,0.712386131,1.766381025,S,0.66224885,0.747029066,0.050137281,1.019351959,0.969214678,
O,0.51214695,0.394495964,S,0.428780079,0.747251987,0.083366871,-0.352756023,-0.436122894,
O,0.67919302,0.745990992,S,0.311561823,0.311532021,0.367631197,0.434458971,0.066827774,
O,0.56327796,2.066610098,S,0.377785921,0.580412865,0.185492039,1.486197233,1.300705194,
O,0.292808056,0.512402058,S,0.328116179,0.428504944,-0.035308123,0.083897114,0.119205237,
O,0.396723032,0.394546032,S,0.427552938,0.762830973,-0.030829906,-0.368284941,-0.337455035,
O,0.664058924,0.795929909,S,0.378544092,0.762502909,0.285514832,0.033427,-0.252087832,
O,0.345445156,0.562464952,S,0.425715923,0.563169956,-0.080270767,-0.000705004,0.079565763,
O,0.362904072,0.327937126,S,0.361464024,0.262140036,0.001440048,0.06579709,0.064357042,
O,0.277599812,0.261367083,S,0.194078922,0.211021185,0.08352089,0.050345898,-0.033174992,
O,0.296053886,0.278013945,S,0.260839939,0.259844065,0.035213947,0.01816988,-0.017044067,
O,0.276981115,0.244572163,S,0.311563015,0.294418812,-0.0345819,-0.049846649,-0.015264749,
O,0.294698,0.295083046,S,0.390753984,0.39497304,-0.096055984,-0.099889994,-0.00383401,
O,0.31280899,0.395048857,S,0.361740828,0.293209076,-0.048931838,0.101839781,0.150771619,
O,0.864365101,0.545171022,S,0.311578035,0.529002905,0.552787066,0.016168117,-0.536618949,
O,0.361492872,0.360504866,S,0.361562014,8.805657864,-6.91E-05,-8.445152998,-8.445083856,
O,0.545168161,0.328362942,S,0.327945948,0.663648844,0.217222213,-0.335285902,-0.552508115,
O,1.028429985,0.528560162,S,1.030001163,0.39610815,-0.001571178,0.132452012,0.13402319,
O,0.413275003,0.461271048,S,0.34517312,1.014849901,0.068101883,-0.553578853,-0.621680736,
O,0.697990179,0.311563969,S,0.579214096,0.830848932,0.118776083,-0.519284963,-0.638061046,
O,0.698015928,0.445060968,S,0.763460875,0.346781969,-0.065444947,0.098278999,0.163723946,
O,0.83002615,0.596237898,S,0.629763126,1.451041222,0.200263024,-0.854803324,-1.055066348,
O,0.880831003,1.04786706,S,0.311420918,0.763974905,0.569410085,0.283892155,-0.28551793,
O,0.614197969,0.897605896,S,0.36196208,0.662703037,0.252235889,0.234902859,-0.01733303,
O,0.645407915,1.349383116,S,0.529531002,0.495182991,0.115876913,0.854200125,0.738323212,
O,1.016011,0.461925983,S,1.516180038,0.396579027,-0.500169038,0.065346956,0.565515994,
O,1.465947151,0.595897913,S,0.076023102,2.204356909,1.389924049,-1.608458996,-2.998383045,
O,0.864937067,0.713248968,S,0.395386219,0.714828014,0.469550848,-0.001579046,-0.471129894,
O,0.379682064,0.361866951,S,0.763481855,1.433908939,-0.383799791,-1.072041988,-0.688242197,
O,1.281813145,0.679479837,S,0.746265173,2.721644878,0.535547972,-2.042165041,-2.577713013,
O,0.84881711,2.470297813,S,0.524085999,3.25932312,0.324731111,-0.789025307,-1.113756418,
O,0.44529295,0.495919228,S,0.562905073,2.469726086,-0.117612123,-1.973806858,-1.856194735,
O,0.681234121,0.913753033,S,0.445474148,0.46350193,0.235759973,0.450251103,0.21449113,
O,0.679578066,0.41218996,S,0.411982059,1.451155901,0.267596007,-1.038965941,-1.306561948,
O,0.763756037,0.7300179,S,0.361981153,0.37823081,0.401774884,0.35178709,-0.049987794,
O,0.445696115,0.445436001,S,0.39517808,0.361593008,0.050518035,0.083842993,0.033324958,
O,0.664433002,0.41197896,S,0.411262989,0.377912045,0.253170013,0.034066915,-0.219103098,
O,0.396890163,0.39530921,S,0.36158514,0.429824114,0.035305023,-0.034514904,-0.069819927,
O,0.629695892,0.629045963,S,0.378376961,0.379062891,0.251318931,0.249983072,-0.001335859,
O,3.120876074,0.546076059,S,1.013725042,4.292034864,2.107151032,-3.745958805,-5.853109837,
O,0.496556997,0.679362059,S,0.478522062,1.849807024,0.018034935,-1.170444965,-1.1884799,
O,0.461499929,0.445213079,S,0.495288134,13.83569598,-0.033788205,-13.3904829,-13.3566947,
O,0.396117926,0.913103819,S,0.578293085,1.433058977,-0.182175159,-0.519955158,-0.337779999,
O,0.663141966,0.561927795,S,0.695519924,2.752253056,-0.032377958,-2.190325261,-2.157947303,
O,1.009861946,0.311384916,S,1.013823032,0.657781124,-0.003961086,-0.346396208,-0.342435122,
O,0.24387598,0.528822899,S,0.39456296,0.345954895,-0.15068698,0.182868004,0.333554984,
O,0.844388008,0.729165077,S,0.394466162,0.495669127,0.449921846,0.23349595,-0.216425896,
O,0.429407835,0.812824011,S,0.261160851,0.279111862,0.168246984,0.533712149,0.365465165,
O,0.643497229,0.512044907,S,0.427863836,1.14586401,0.215633393,-0.633819103,-0.849452496,
O,0.478141069,0.49545598,S,1.263602018,0.797664881,-0.785460949,-0.302208901,0.483252048,
O,0.597146034,0.812865019,S,0.512016058,0.65831399,0.085129976,0.154551029,0.069421053,
O,0.260735989,0.445364952,S,0.378760099,0.39409399,-0.11802411,0.051270962,0.169295072,
O,0.496010065,0.394936085,S,0.261486053,0.295981169,0.234524012,0.098954916,-0.135569096,
O,0.396054983,0.377922058,S,0.428457975,0.394551992,-0.032402992,-0.016629934,0.015773058,
O,0.295834064,0.343861103,S,0.812698126,0.310977221,-0.516864062,0.032883882,0.549747944,
O,0.293540001,0.445026159,S,0.393345833,0.663753986,-0.099805832,-0.218727827,-0.118921995,
O,0.295467854,0.34514308,S,0.847151041,0.931237936,-0.551683187,-0.586094856,-0.034411669,
O,0.47863102,0.62936902,S,0.662565947,0.413021088,-0.183934927,0.216347932,0.400282859,
O,0.814373016,0.445099831,S,0.328263044,0.329627037,0.486109972,0.115472794,-0.370637178,
O,1.014410019,1.211688995,S,3.106435061,3.308295965,-2.092025042,-2.09660697,-0.004581928,
O,2.503703833,2.303573132,S,0.680007935,0.530318022,1.823695898,1.77325511,-0.050440788,
O,2.60579896,2.470212936,S,0.462517977,0.612977028,2.143280983,1.857235908,-0.286045075,
O,5.250096083,2.336967945,S,0.428367138,0.362208843,4.821728945,1.974759102,-2.846969843,
O,1.266682148,0.462265015,S,0.39487505,0.647715092,0.871807098,-0.185450077,-1.057257175,
O,0.447286129,0.59572196,S,0.445499897,0.697977066,0.001786232,-0.102255106,-0.104041338,
O,0.17909193,0.194742918,S,0.178086996,0.210381985,0.001004934,-0.015639067,-0.016644001,
O,0.176898003,0.1608181,S,0.210954905,0.195848942,-0.034056902,-0.035030842,-0.00097394,
O,0.212324142,0.210835934,S,0.177769899,0.179083824,0.034554243,0.03175211,-0.002802133,
O,0.194452047,0.207808971,S,0.243983984,0.194355965,-0.049531937,0.013453006,0.062984943,
O,0.827741146,0.478487968,S,2.551460981,0.694578171,-1.723719835,-0.216090203,1.507629632,
O,0.978698015,0.946663141,S,0.561659813,0.477259874,0.417038202,0.469403267,0.052365065,
O,0.445374012,0.445248127,S,1.364287853,0.58036685,-0.918913841,-0.135118723,0.783795118,
O,2.35077095,0.37813282,S,0.46198988,0.37775898,1.88878107,0.00037384,-1.88840723,
O,0.529021025,0.494851112,S,3.17001605,0.629940987,-2.640995025,-0.135089875,2.50590515,
O,0.47885108,0.411452055,S,1.113809109,1.048300982,-0.634958029,-0.636848927,-0.001890898,
O,1.048111916,0.411941051,S,0.545709133,0.611665964,0.502402783,-0.199724913,-0.702127696,
O,0.496398926,0.495573997,S,0.478860855,0.327238798,0.017538071,0.168335199,0.150797128,
O,0.7310462,0.712705851,S,0.445264101,0.496834993,0.285782099,0.215870858,-0.069911241,
O,0.396262884,0.461585999,S,5.37647891,0.545351982,-4.980216026,-0.083765983,4.896450043,
O,0.612020969,0.679454088,S,0.462193966,0.644630909,0.149827003,0.034823179,-0.115003824,
O,0.696883917,0.428606033,S,0.559261084,1.098253012,0.137622833,-0.669646979,-0.807269812,
O,0.580322981,0.411506891,S,0.428171873,0.479977846,0.152151108,-0.068470955,-0.220622063,
O,0.630255222,0.546015024,S,0.628834009,0.547033072,0.001421213,-0.001018048,-0.002439261,
O,0.444525003,0.39515996,S,0.444682121,0.428316116,-0.000157118,-0.033156156,-0.032999038,
O,0.445165873,0.411521912,S,0.49505496,0.580549955,-0.049889087,-0.169028043,-0.119138956,
O,0.513481855,0.511842012,S,0.42854023,0.512995958,0.084941625,-0.001153946,-0.086095571,
O,0.728793859,0.54540801,S,0.511945009,0.612241983,0.21684885,-0.066833973,-0.283682823,
O,0.479790926,0.394212008,S,0.512182951,0.594971895,-0.032392025,-0.200759887,-0.168367862,
O,0.463505983,0.511043787,S,0.378237963,0.396519899,0.08526802,0.114523888,0.029255868,
O,0.446488857,0.478605986,S,1.90008688,2.002297878,-1.453598023,-1.523691892,-0.070093869,
O,0.361695051,0.478871822,S,0.395305872,0.930495977,-0.033610821,-0.451624155,-0.418013334,
O,2.620277882,1.063889027,S,0.92986393,0.647367954,1.690413952,0.416521073,-1.273892879,
O,0.545630932,0.445500851,S,0.395203114,1.783648968,0.150427818,-1.338148117,-1.488575935,
O,0.89696312,2.435823917,S,0.662801981,0.460551977,0.234161139,1.97527194,1.741110801,
O,1.400166035,0.779999018,S,0.395025969,0.395225048,1.005140066,0.38477397,-0.620366096,
O,0.443940878,0.629194975,S,1.482623816,0.727971077,-1.038682938,-0.098776102,0.939906836,
O,0.426661015,1.381574869,S,0.362079859,0.446543932,0.064581156,0.935030937,0.870449781,
O,0.596972942,0.462110996,S,0.863350153,1.081065178,-0.266377211,-0.618954182,-0.352576971,
O,0.463282108,0.361778975,S,2.067475796,0.597699165,-1.604193688,-0.23592019,1.368273498,
O,1.414514065,2.518915176,S,0.87982893,0.696923018,0.534685135,1.821992158,1.287307023,
O,0.645419836,0.51227212,S,0.428739071,0.546496868,0.216680765,-0.034224748,-0.250905513,
O,0.396008968,0.478811979,S,2.234302998,1.080487967,-1.83829403,-0.601675988,1.236618042,
O,0.611680031,0.628386021,S,0.528591871,1.214088917,0.08308816,-0.585702896,-0.668791056,
O,0.796158075,0.628758907,S,1.714907169,0.664169073,-0.918749094,-0.035410166,0.883338928,
O,4.525835991,1.047102213,S,0.912919044,0.759786129,3.612916947,0.287316084,-3.325600863,
O,0.729216814,0.561947823,S,0.552273035,5.237300158,0.176943779,-4.675352335,-4.852296114,
O,1.332979918,0.578914165,S,0.444895983,0.444651127,0.888083935,0.134263038,-0.753820897,
O,0.613763094,0.678757906,S,7.28702116,0.73677516,-6.673258066,-0.058017254,6.615240812,
O,1.248149872,0.729159832,S,0.411531925,1.146553993,0.836617947,-0.417394161,-1.254012108,
O,1.165323973,1.014544964,S,0.596576929,1.015828848,0.568747044,-0.001283884,-0.570030928,
O,1.064074993,3.207112074,S,1.248860121,0.815370083,-0.184785128,2.391741991,2.576527119,
O,1.265714884,0.762733936,S,1.014353991,0.679898024,0.251360893,0.082835912,-0.168524981,
O,0.178746939,0.16156888,S,1.700373888,0.781692028,-1.521626949,-0.620123148,0.901503801,
O,0.178179979,0.211186886,S,0.194412947,0.210876942,-0.016232968,0.000309944,0.016542912,
O,0.178948164,0.194642067,S,0.177621126,0.143694878,0.001327038,0.050947189,0.049620151,
O,0.296169043,0.227738142,S,0.194428921,0.194419146,0.101740122,0.033318996,-0.068421126,
O,0.212520123,0.311154127,S,0.194582939,0.311839819,0.017937184,-0.000685692,-0.018622876,
O,0.144239902,0.428295851,S,0.361415148,0.311397076,-0.217175246,0.116898775,0.334074021,
O,0.244409084,0.227874994,S,0.21153307,0.1623981,0.032876014,0.065476894,0.03260088,
O,0.329682112,0.479506016,S,0.596543074,0.547443867,-0.266860962,-0.067937851,0.198923111,
O,0.578909874,0.562759161,S,0.378811121,0.376232862,0.200098753,0.186526299,-0.013572454,
O,0.528864145,1.349771023,S,0.662644863,0.429141998,-0.133780718,0.920629025,1.054409743,
O,0.781497955,1.181883812,S,0.361680984,0.344809055,0.419816971,0.837074757,0.417257786,
O,0.396825075,0.377954006,S,0.495251894,0.428515196,-0.098426819,-0.05056119,0.047865629,
O,0.429773092,0.412233114,S,0.495680094,0.647964001,-0.065907002,-0.235730887,-0.169823885,
O,0.930779934,0.546031952,S,0.412595034,0.411782026,0.5181849,0.134249926,-0.383934974,
O,0.41119504,0.445223093,S,0.42892313,0.41314292,-0.01772809,0.032080173,0.049808263,
O,0.630700111,0.528525114,S,0.997678041,0.831737995,-0.36697793,-0.303212881,0.063765049,
O,0.430160046,0.428474903,S,0.696737051,0.781081915,-0.266577005,-0.352607012,-0.086030007,
O,0.413190842,2.45409584,S,0.512018919,0.562314034,-0.098828077,1.891781806,1.990609883,
O,0.514352083,0.49545908,S,0.445943117,0.714923859,0.068408966,-0.219464779,-0.287873745,
O,1.39907217,0.594443083,S,0.495982885,0.529077053,0.903089285,0.06536603,-0.837723255,
O,0.480157852,0.362160921,S,0.611011982,0.460682154,-0.13085413,-0.098521233,0.032332897,
O,0.395524025,0.528633118,S,0.361809015,0.497404814,0.03371501,0.031228304,-0.002486706,
O,0.346755028,0.545725107,S,0.311961889,0.41308403,0.034793139,0.132641077,0.097847938,
O,0.696938992,0.729804993,S,0.445683956,2.789664984,0.251255036,-2.059859991,-2.311115027,
O,0.413541079,0.344856977,S,0.445296049,1.064391851,-0.03175497,-0.719534874,-0.687779904,
O,0.295924187,0.26112318,S,0.328689098,0.395395994,-0.032764911,-0.134272814,-0.101507903,
O,0.41156292,0.428505182,S,0.311728001,0.614469051,0.099834919,-0.185963869,-0.285798788,
O,0.378264904,2.267860174,S,0.539066076,1.884383917,-0.160801172,0.383476257,0.544277429,
O,0.779144049,0.495079994,S,0.628180027,1.567240953,0.150964022,-1.072160959,-1.223124981,
O,2.467632055,0.64602685,S,0.394719839,0.595643997,2.072912216,0.050382853,-2.022529363,
O,0.412702084,0.445193052,S,0.545310974,0.712594986,-0.13260889,-0.267401934,-0.134793044,
O,0.946288109,0.394672871,S,0.478271961,0.529047966,0.468016148,-0.134375095,-0.602391243,
O,0.847683907,0.462317944,S,0.862810135,0.427994967,-0.015126228,0.034322977,0.049449205,
O,1.750856161,0.545301914,S,0.629930973,0.378917933,1.120925188,0.166383981,-0.954541207,
O,0.329536915,0.528306961,S,0.562258005,1.115162849,-0.23272109,-0.586855888,-0.354134798,
O,0.445135117,0.545081854,S,0.494935989,0.797496796,-0.049800872,-0.252414942,-0.20261407,
O,0.580110073,0.579007864,S,0.612133026,0.764477015,-0.032022953,-0.185469151,-0.153446198,
O,0.445036173,1.632601023,S,0.411730051,0.595495939,0.033306122,1.037105084,1.003798962,
O,0.678529024,1.08022213,S,0.260598898,0.363012075,0.417930126,0.717210055,0.299279929,
O,0.478713036,0.578562021,S,0.428344965,0.445276976,0.050368071,0.133285045,0.082916974,
O,0.312896967,0.561728954,S,0.846446037,6.630890131,-0.53354907,-6.069161177,-5.535612107,
O,0.44609499,0.478430033,S,0.294261932,0.578865767,0.151833058,-0.100435734,-0.252268792,
O,0.661938906,0.411719084,S,6.48010397,0.395164967,-5.818165064,0.016554117,5.834719181,
O,0.341531992,0.444443941,S,0.41145277,0.445998907,-0.069920778,-0.001554966,0.068365812,
O,0.341620922,0.579062939,S,0.662353992,0.71369791,-0.32073307,-0.134634971,0.186098099,
O,0.410998106,0.929807186,S,0.278249979,0.42940712,0.132748127,0.500400066,0.367651939,
O,0.578495979,0.424017191,S,0.327459097,0.545361042,0.251036882,-0.121343851,-0.372380733,
O,0.328047991,0.512920141,S,0.177911997,0.229083061,0.150135994,0.28383708,0.133701086,
O,0.279533148,0.361953974,S,0.244257927,0.196419954,0.035275221,0.16553402,0.130258799,
O,1.568655968,0.512354136,S,0.278180122,0.329504013,1.290475846,0.182850123,-1.107625723,
O,0.595762968,2.972564936,S,0.345233917,2.754819155,0.250529051,0.217745781,-0.03278327,
O,0.194746971,0.160785198,S,0.361917019,0.363642931,-0.167170048,-0.202857733,-0.035687685,
O,0.296010017,0.412213087,S,0.412400007,0.329694033,-0.11638999,0.082519054,0.198909044,
O,0.442703962,2.35374999,S,0.412022114,0.411900043,0.030681848,1.941849947,1.911168099,
O,0.294615984,0.412059069,S,0.429105997,0.328109026,-0.134490013,0.083950043,0.218440056,
O,0.37978816,2.135802984,S,0.311723948,0.294691801,0.068064212,1.841111183,1.773046971,
O,0.329504013,0.361041069,S,0.746799946,0.848396063,-0.417295933,-0.487354994,-0.070059061,
O,2.101633072,1.968015909,S,0.881361008,0.863847971,1.220272064,1.104167938,-0.116104126,
O,2.438140869,0.611339092,S,0.813538074,3.007283926,1.624602795,-2.395944834,-4.020547629,
O,2.939478874,0.545218945,S,0.294893026,3.340406179,2.644585848,-2.795187234,-5.439773082,
O,0.463451147,0.713402033,S,0.612952948,1.315150023,-0.149501801,-0.60174799,-0.452246189,
O,2.254767895,0.562461138,S,0.395319939,3.526594877,1.859447956,-2.964133739,-4.823581695,
O,1.181540012,0.595875978,S,1.181632996,2.689112902,-9.30E-05,-2.093236924,-2.09314394,
O,0.547158003,1.934714079,S,0.611171961,0.39687109,-0.064013958,1.537842989,1.601856947,
O,0.679877996,0.478536129,S,1.332244873,2.672953129,-0.652366877,-2.194417,-1.542050123,
O,0.514565945,2.219244957,S,0.997761011,2.319008827,-0.483195066,-0.09976387,0.383431196,
O,2.036649942,1.014468193,S,0.395385027,2.304331064,1.641264915,-1.289862871,-2.931127786,
O,0.261249781,0.896542072,S,0.210067987,1.149330139,0.051181794,-0.252788067,-0.303969861,
O,1.382421017,1.431632996,S,1.548520088,0.998323917,-0.166099071,0.433309079,0.59940815,
O,1.265264988,0.929766178,S,0.561530113,0.411990881,0.703734875,0.517775297,-0.185959578,
O,0.429921865,0.444899082,S,0.545495033,0.328347206,-0.115573168,0.116551876,0.232125044,
O,1.732600927,0.428164005,S,0.328002214,0.396265984,1.404598713,0.031898021,-1.372700692,
O,0.194041014,0.228060961,S,0.210204124,0.178843975,-0.01616311,0.049216986,0.065380096,
O,0.194977045,0.144222021,S,0.177344799,0.19570899,0.017632246,-0.051486969,-0.069119215,
O,0.243700027,0.228203058,S,0.144012928,0.243725061,0.099687099,-0.015522003,-0.115209102,
O,0.195474863,0.160462856,S,0.194175005,0.195702791,0.001299858,-0.035239935,-0.036539793,
O,0.157279015,0.294327974,S,0.244120121,0.210757971,-0.086841106,0.083570003,0.170411109,